ji,rank,count
年,1,1688601
日,2,910717
月,3,784226
大,4,550182
学,5,454522
本,6,450514
人,7,430361
中,8,355195
一,9,343651
出,10,334669
国,11,331266
部,12,320457
会,13,316866
作,14,299009
行,15,296564
地,16,258953
時,17,253733
子,18,253311
上,19,246858
場,20,246010
市,21,245390
後,22,245149
第,23,244735
生,24,244625
合,25,238253
発,26,237606
社,27,229010
戦,28,226227
田,29,226000
代,30,224396
東,31,214539
事,32,211361
名,33,209833
用,34,209061
成,35,205850
長,36,205015
同,37,201356
者,38,201341
山,39,200431
高,40,196075
道,41,192622
間,42,192406
開,43,187264
手,44,183665
分,45,183078
立,46,181665
業,47,180746
新,48,177203
目,49,175338
定,50,172240
所,51,171662
川,52,169598
関,53,166728
校,54,166326
的,55,166242
文,56,165587
前,57,164807
小,58,161989
県,59,161817
自,60,160410
内,61,159049
動,62,158451
入,63,157250
和,64,155964
主,65,152525
通,66,151720
家,67,151650
下,68,149632
物,69,148802
連,70,147095
公,71,145797
設,72,145091
野,73,144445
外,74,142157
線,75,141984
現,76,140067
全,77,138317
回,78,137720
体,79,137596
車,80,137201
画,81,135996
語,82,134613
当,83,133523
方,84,133510
化,85,132590
選,86,131952
演,87,130859
平,88,130691
初,89,129575
対,90,129506
世,91,129358
女,92,128625
町,93,126510
最,94,125068
式,95,124106
村,96,123687
明,97,123237
教,98,121984
表,99,121864
島,100,121842
京,101,121779
機,102,121754
原,103,121315
記,104,121126
以,105,120611
在,106,120474
性,107,120227
号,108,120100
力,109,118781
法,110,118410
書,111,118323
駅,112,118183
曲,113,118000
三,114,117481
理,115,116257
北,116,115293
見,117,114532
海,118,112782
神,119,112310
送,120,110019
放,121,109884
軍,122,109582
実,123,108714
数,124,107212
位,125,104918
員,125,104918
編,126,104520
期,127,103962
度,128,103660
組,129,102752
西,130,102559
多,131,102467
区,132,101773
番,133,101107
元,134,98436
勝,135,97496
水,136,96468
使,137,94520
品,138,94318
加,139,94303
治,140,93688
特,141,93620
要,142,93322
経,143,93185
正,144,91756
制,145,91229
務,146,90286
役,147,89430
木,148,88465
版,149,88092
身,150,87857
政,151,87640
金,152,87249
売,153,87004
共,154,85847
民,155,85429
取,156,85378
都,157,84475
能,158,84356
注,159,84025
受,160,83795
参,161,83644
点,162,83117
二,163,82906
来,164,82641
南,165,82423
話,166,82251
美,167,81358
王,168,80845
気,169,80108
結,170,79837
電,171,79749
置,172,79653
面,173,79533
形,174,79043
活,175,78958
集,176,78703
昭,177,78228
録,178,78083
知,179,77442
界,180,76907
議,181,76474
持,182,76306
運,183,76233
団,184,76077
脚,185,76062
映,186,75563
優,187,75273
科,188,75261
信,189,74936
変,190,74365
史,191,74176
等,192,74064
工,193,73976
言,194,73931
口,195,73731
院,196,73473
際,197,73416
天,198,73373
楽,199,73101
館,200,71843
鉄,201,71612
音,202,71529
不,203,71335
空,204,71119
指,205,70578
交,206,70171
賞,207,70135
州,208,70100
歴,209,70062
井,210,69896
次,211,69035
有,212,68882
始,213,68718
登,214,68503
続,215,68382
付,216,68161
路,217,67876
士,218,67496
英,219,67261
保,220,67035
重,221,66936
歌,222,66725
隊,223,66666
店,224,66276
決,225,66171
郎,226,65702
台,227,65587
藤,228,65448
利,229,65036
岡,230,64964
太,231,64955
終,232,64793
男,233,64608
他,234,64278
進,235,63886
別,236,63643
近,237,63464
任,238,63403
収,239,62718
約,240,62694
型,241,62631
研,242,62530
産,243,62376
改,244,62317
術,245,62240
報,246,62235
松,247,62034
屋,248,61747
意,249,61492
石,250,61241
得,251,61074
相,252,60804
系,253,60780
古,254,60068
流,255,59925
心,256,59895
造,257,59431
広,258,59166
計,259,58991
向,260,58980
製,261,58746
考,262,58717
義,263,58531
解,264,58382
属,265,58302
総,266,57603
建,267,57401
究,268,56708
称,269,56551
少,270,56502
局,271,56490
無,272,56414
宮,273,56366
安,274,56235
権,275,55892
郡,276,55750
移,277,55382
園,278,55118
門,279,55108
基,280,55083
真,281,54918
城,282,54756
撃,283,54480
様,284,54343
彼,285,54326
転,286,53826
営,287,53667
馬,288,53510
説,289,53487
朝,290,53443
再,291,53289
監,292,53085
光,293,53058
直,294,52953
支,295,52778
育,296,52463
球,297,52437
技,298,52218
域,299,51889
武,300,51835
伝,301,51724
橋,302,51481
死,303,51126
愛,304,51018
統,305,50975
種,306,50825
可,307,50603
項,308,50498
備,309,50330
両,310,50275
由,311,50221
谷,312,50156
存,313,49918
福,314,49914
配,315,49836
土,316,49679
引,317,49569
格,318,49406
常,319,49115
止,320,48403
官,321,48383
果,322,48134
施,323,48020
呼,324,47862
調,325,47739
強,326,47537
装,327,47408
崎,328,47328
典,329,47198
戸,330,47053
題,331,46479
構,332,45769
佐,333,45724
試,334,45691
寺,335,45653
督,336,45647
命,337,45632
府,338,45469
兵,339,45410
情,340,45355
先,341,44640
状,342,44384
協,343,43949
師,344,43877
声,345,43772
料,346,43760
着,347,43636
族,348,43411
住,349,43396
阪,350,42759
白,351,42532
論,352,42183
万,353,41823
紀,354,41739
吉,355,41686
達,356,41683
降,357,41452
字,358,41420
退,359,40953
星,360,40883
起,361,40850
江,362,40767
親,363,40364
乗,364,40285
判,365,40136
問,366,40004
示,367,39713
覧,368,39674
管,369,39634
色,370,39512
認,371,39482
側,372,39369
周,373,39280
千,374,39121
葉,375,39048
件,376,38997
各,377,38542
劇,378,38454
良,379,38451
応,380,38396
著,381,38320
限,382,38275
巻,383,38258
予,384,38075
風,385,38052
修,386,37912
十,387,37851
更,388,37748
反,389,37720
打,390,37564
半,391,37506
株,392,37416
室,393,37414
青,394,37386
艦,395,37329
影,396,37161
類,397,36800
防,398,36765
載,399,36741
津,400,36700
級,401,36572
資,402,36535
陸,403,36431
担,404,36410
河,405,36250
過,406,36246
夫,407,36231
攻,408,36076
殺,409,35888
歳,410,35824
四,411,35704
領,412,35693
催,413,35553
久,414,35532
査,415,35502
父,416,35404
頭,417,35279
花,418,35268
司,419,35091
食,420,34977
条,421,34954
観,422,34920
投,423,34883
衛,424,34873
込,425,34755
旧,426,34708
列,427,34704
党,428,34434
図,429,34415
思,430,34404
器,431,34362
森,432,34318
復,433,34287
商,434,34230
継,435,34155
沢,436,33835
異,437,33831
船,438,33755
切,439,33736
接,440,33589
伊,441,33421
庫,442,33375
挙,443,33336
曜,444,33261
専,445,33174
詞,446,33057
座,447,33053
味,448,33036
競,449,32924
害,449,32924
完,450,32794
念,451,32793
速,452,32706
係,453,32682
離,454,32578
争,455,32566
米,456,32486
母,457,32338
概,458,31972
態,459,31962
規,460,31830
医,461,31764
春,462,31754
落,463,31727
八,464,31711
導,465,31532
委,466,31395
助,467,31385
護,468,31378
独,469,31347
献,470,31278
急,471,31269
供,472,31233
洋,473,31215
魔,474,31096
衆,475,31058
量,476,30943
横,477,30918
展,478,30916
企,479,30842
今,480,30666
容,481,30663
介,482,30604
将,483,30595
博,484,30568
感,485,30563
及,486,30484
提,487,30422
職,488,30342
黒,489,30191
足,490,30057
浜,491,30031
敗,492,29985
港,493,29976
林,494,29965
与,495,29908
好,496,29897
準,497,29882
派,498,29856
験,499,29799
五,500,29792
追,501,29786
去,502,29635
済,503,29475
告,504,29417
波,505,29288
単,506,29242
航,507,29156
残,508,29151
円,509,29149
芸,510,29122
増,511,29097
例,512,29091
含,513,29067
走,514,29052
質,515,29026
岩,516,28953
授,517,28921
評,518,28920
渡,519,28877
創,520,28769
令,521,28656
廃,522,28479
御,523,28473
央,524,28347
警,525,28303
率,526,28247
奈,527,28181
火,528,28072
述,529,28014
聞,530,27977
病,531,27781
仕,532,27741
省,533,27656
富,534,27608
志,535,27576
飛,536,27567
守,537,27562
素,538,27462
了,539,27445
氏,540,27352
尾,541,27288
必,542,27258
張,543,27218
清,544,27039
末,545,26936
像,546,26906
消,547,26816
闘,548,26742
失,549,26508
帝,550,26486
友,551,26443
雄,552,26440
確,553,26412
夜,554,26340
宇,555,26281
根,556,26203
皇,557,26023
章,558,25923
之,559,25770
響,560,25707
個,561,25580
辺,562,25577
堂,563,25502
徳,564,25428
想,565,25409
破,566,25377
程,567,25294
赤,568,25216
蔵,569,25132
刊,570,25119
比,571,25023
客,572,24936
秋,573,24922
帰,574,24897
勢,574,24897
香,575,24831
価,576,24742
補,577,24718
断,578,24705
舞,579,24696
銀,580,24569
細,581,24558
従,582,24548
坂,583,24546
籍,584,24427
帯,585,24413
境,586,24406
差,587,24301
未,588,24246
卒,589,24204
階,590,24055
般,591,24035
視,592,23916
里,593,23893
首,594,23882
興,595,23855
泉,596,23848
講,597,23835
旅,598,23803
丁,599,23759
就,600,23738
賀,601,23475
倉,602,23316
察,603,23284
非,604,23242
象,605,23217
永,606,23206
宗,607,23171
略,608,23133
歩,609,23120
豊,610,23103
悪,611,23086
織,612,22773
績,613,22763
誌,614,22522
角,615,22472
築,616,22446
検,617,22312
訳,618,22224
除,619,22033
若,620,21987
停,621,21949
聖,622,21945
陽,623,21929
頃,624,21759
越,625,21755
秀,626,21736
玉,627,21651
環,628,21636
財,629,21591
街,630,21561
併,631,21452
丸,632,21441
短,633,21437
写,634,21407
源,635,21366
児,636,21303
祭,637,21269
宝,638,21245
証,639,21211
農,640,21140
婚,641,21134
九,642,21072
留,643,21055
樹,644,21000
段,645,20995
課,646,20944
居,647,20937
照,648,20853
深,649,20828
右,650,20790
弾,651,20743
早,652,20721
然,653,20715
読,654,20710
満,655,20691
革,656,20680
左,657,20631
援,658,20625
週,659,20619
毎,660,20574
便,661,20516
割,662,20482
池,663,20463
跡,664,20448
夏,665,20394
販,666,20378
房,667,20313
難,668,20306
健,669,20255
遺,670,20222
負,671,20139
模,672,20136
超,673,20016
案,674,19999
瀬,675,19933
整,676,19904
推,677,19889
低,678,19874
働,679,19820
極,680,19681
積,681,19650
標,682,19605
求,683,19563
薬,684,19454
習,685,19390
盤,686,19386
振,687,19368
群,688,19280
何,689,19256
伴,690,19179
弟,691,19125
描,692,19069
談,693,19024
替,694,18921
浦,695,18849
徒,696,18847
幸,697,18830
策,698,18781
採,699,18768
材,700,18725
絵,701,18713
精,702,18609
板,703,18600
換,704,18596
奏,705,18568
効,706,18565
獲,707,18537
延,708,18534
養,709,18464
植,710,18454
算,711,18323
遠,712,18309
妻,713,18258
望,714,18223
療,715,18221
突,716,18211
幕,717,18153
百,718,18137
臣,719,18111
寄,720,18072
射,721,17999
翌,722,17992
竹,723,17941
私,724,17900
違,725,17865
鳥,726,17834
華,727,17832
郷,728,17820
複,729,17818
恋,730,17654
岸,731,17602
宿,732,17529
囲,733,17520
甲,734,17514
裁,735,17499
亡,736,17479
塚,737,17478
沿,738,17460
功,739,17365
舎,740,17343
藩,741,17320
血,742,17243
六,743,17189
温,744,17177
刑,745,17176
彦,746,17033
庁,747,17003
休,748,16931
処,749,16925
貴,750,16886
席,751,16810
労,752,16689
端,753,16651
徴,754,16581
静,755,16543
兄,756,16509
撮,757,16507
娘,758,16503
盟,759,16480
布,760,16417
契,761,16390
密,762,16349
諸,763,16197
識,764,16190
草,765,16152
羽,766,16139
為,767,16105
故,768,16084
宅,769,15905
姿,770,15875
返,771,15834
普,772,15808
敵,773,15759
給,774,15717
順,775,15693
康,776,15687
七,777,15655
漫,778,15646
息,779,15613
輪,780,15600
被,781,15596
輸,782,15550
釈,783,15410
乱,784,15365
邦,785,15326
抜,786,15268
恵,787,15212
景,788,15200
壊,789,15198
絶,790,15159
枚,791,15116
服,792,15094
昇,793,15093
減,794,15084
爆,795,15060
拠,796,15047
砲,797,15012
熱,798,14875
圧,799,14848
仮,800,14806
節,801,14771
探,802,14768
雑,803,14766
紙,804,14743
捕,805,14730
麻,806,14728
険,807,14717
扱,808,14674
也,809,14643
頼,810,14618
背,811,14604
戻,812,14575
候,813,14385
宙,814,14357
辞,815,14247
倒,816,14221
許,817,14188
副,818,14165
鈴,819,14127
覚,820,14115
仲,821,14097
散,822,14057
操,823,14052
抗,824,14022
具,825,13947
鹿,826,13913
弘,827,13793
韓,828,13784
熊,829,13755
況,830,13745
幼,831,13744
承,832,13730
災,833,13650
襲,834,13623
因,835,13603
滅,836,13560
遊,837,13550
印,838,13510
湾,839,13507
脱,840,13501
途,841,13438
締,842,13401
救,843,13398
並,844,13334
待,845,13329
忠,846,13324
栄,847,13296
訪,848,13287
執,849,13270
龍,850,13248
宣,851,13226
掛,852,13220
障,853,13185
則,854,13165
値,855,13162
測,856,13149
閉,857,13138
老,858,13133
阿,859,13113
練,860,13066
駆,861,13037
適,862,13012
夢,863,12961
兼,864,12943
罪,865,12912
酸,866,12905
費,867,12900
喜,868,12892
掲,869,12887
激,870,12835
盛,871,12828
傷,872,12815
沖,873,12786
矢,874,12693
隣,875,12690
弁,876,12680
症,877,12591
怪,878,12536
竜,879,12437
揮,880,12427
搭,881,12421
岐,882,12419
善,883,12344
拡,884,12301
貨,885,12287
隆,886,12243
閣,887,12143
至,888,12099
染,889,12082
仁,890,12079
幅,891,12077
秘,892,12062
巨,893,12051
酒,894,12026
似,895,11975
躍,896,11953
庭,897,11871
霊,898,11841
片,899,11823
姫,900,11816
携,901,11813
君,902,11797
紹,903,11779
層,904,11736
札,905,11722
審,906,11671
逆,907,11652
雲,908,11634
軽,909,11603
詳,910,11598
仏,911,11592
慶,912,11586
裏,913,11577
幹,914,11560
吹,915,11526
票,916,11503
須,917,11492
剣,918,11458
騎,919,11440
祖,920,11418
桜,921,11408
智,922,11402
筆,923,11358
亜,923,11358
鮮,924,11296
妹,925,11277
黄,926,11269
敷,927,11243
純,928,11225
震,929,11212
犯,930,11172
希,931,11136
詩,932,11130
裕,933,11094
律,934,11056
奪,935,11053
湖,936,11035
占,937,11031
奥,938,11016
殿,939,11007
衣,940,10942
杉,941,10879
仙,942,10861
勤,943,10854
爵,944,10752
暴,945,10746
顔,946,10743
逃,947,10733
露,948,10708
易,949,10637
誕,950,10606
雪,951,10597
固,952,10582
請,953,10578
笑,954,10564
俳,955,10556
憲,956,10538
稲,957,10507
巡,958,10479
塁,959,10468
買,960,10424
銃,961,10391
伸,962,10337
姉,963,10326
危,964,10325
避,965,10302
署,966,10295
沼,967,10283
禁,968,10279
迎,969,10271
哲,970,10258
郵,971,10255
駐,972,10254
没,973,10233
額,974,10226
批,975,10192
惑,976,10175
臨,977,10170
焼,978,10169
秒,978,10169
魚,979,10158
丘,980,10110
毛,981,10079
鶴,982,10032
縄,983,10004
伯,984,9998
浅,985,9921
塩,986,9910
依,987,9889
俊,988,9823
範,989,9817
唱,990,9803
牧,991,9774
暗,992,9746
納,993,9727
潟,994,9674
荒,995,9636
肉,995,9636
澤,996,9614
季,997,9538
孫,998,9533
税,999,9528
那,1000,9522
茶,1001,9502
混,1002,9379
願,1003,9367
摩,1004,9342
骨,1005,9341
双,1006,9283
距,1007,9267
陣,1008,9265
堀,1009,9241
砂,1010,9239
討,1011,9236
折,1012,9219
億,1013,9207
鬼,1014,9192
券,1015,9176
冬,1016,9140
苦,1017,9029
厚,1018,8968
柳,1019,8956
緒,1020,8953
隠,1021,8936
我,1022,8914
余,1023,8909
維,1024,8875
枠,1025,8868
童,1026,8850
婦,1026,8850
犬,1027,8837
漢,1028,8836
聴,1029,8834
孝,1030,8831
刻,1031,8825
飯,1032,8799
訴,1032,8799
茂,1033,8759
埼,1034,8748
互,1035,8725
液,1036,8644
唯,1037,8625
押,1038,8615
緑,1039,8610
疑,1040,8604
舗,1041,8599
礼,1042,8577
吸,1043,8548
圏,1044,8546
欧,1045,8539
鑑,1046,8527
否,1047,8502
浩,1048,8490
均,1049,8450
誉,1050,8433
免,1051,8369
申,1052,8358
冷,1053,8327
捜,1054,8318
雅,1055,8290
譲,1056,8256
益,1057,8242
誘,1058,8216
既,1059,8195
勇,1060,8179
雨,1061,8122
油,1062,8115
欠,1063,8110
潜,1064,8101
胞,1065,8095
侵,1066,8093
奇,1066,8093
獣,1067,8090
炎,1068,8088
触,1069,8082
縁,1070,8065
濃,1071,8054
乃,1072,8049
翼,1073,8022
恐,1074,8021
択,1075,8007
潮,1076,7969
湯,1077,7917
抱,1077,7917
彩,1078,7913
燃,1079,7911
寿,1080,7909
倍,1081,7866
飾,1082,7841
梨,1083,7797
弱,1084,7791
快,1085,7789
挑,1086,7777
束,1087,7754
遣,1088,7750
誠,1089,7746
菜,1090,7675
荷,1091,7652
寛,1092,7629
刀,1093,7612
損,1094,7593
封,1095,7586
融,1096,7568
旗,1097,7563
壁,1098,7536
梅,1099,7521
訓,1100,7509
輝,1100,7509
架,1101,7506
還,1102,7502
雷,1103,7486
責,1104,7484
招,1105,7445
較,1106,7442
腕,1107,7440
核,1108,7438
鎮,1109,7406
筋,1110,7385
繰,1111,7353
幌,1112,7339
繁,1113,7299
虫,1114,7292
厳,1115,7283
儀,1116,7259
軌,1117,7251
払,1118,7213
拓,1119,7201
頁,1119,7201
塔,1120,7200
己,1121,7180
縮,1122,7179
答,1123,7170
豪,1124,7158
柄,1125,7153
盗,1126,7149
才,1127,7143
齢,1128,7132
到,1129,7112
穂,1130,7111
昌,1131,7083
亀,1132,7076
撤,1133,7075
紅,1134,7074
髪,1135,7048
晴,1136,7040
床,1137,7035
敬,1138,7034
菊,1139,7004
弥,1140,6966
暦,1141,6903
貫,1142,6894
乳,1143,6869
底,1144,6858
芝,1144,6858
覇,1145,6847
午,1146,6813
脳,1147,6781
篇,1148,6772
浮,1149,6761
渋,1150,6740
索,1151,6735
崩,1152,6724
飲,1153,6717
阜,1154,6700
簡,1155,6685
偵,1156,6682
患,1157,6668
殊,1158,6663
冠,1159,6631
募,1160,6603
託,1161,6589
羅,1162,6580
眼,1163,6575
歯,1164,6555
刺,1165,6544
枝,1165,6544
絡,1166,6533
遅,1167,6531
鏡,1168,6485
牛,1169,6473
宏,1170,6471
析,1171,6443
冒,1172,6431
包,1173,6408
購,1174,6407
笠,1175,6406
摘,1176,6399
墓,1177,6394
丹,1178,6381
致,1179,6355
夕,1180,6352
暮,1181,6344
閲,1182,6342
鎖,1183,6281
排,1184,6271
征,1185,6266
皮,1186,6255
貞,1187,6250
充,1188,6225
尊,1189,6202
嫌,1190,6196
杯,1191,6192
朗,1192,6184
針,1193,6164
却,1194,6137
迫,1195,6116
姓,1196,6104
涯,1196,6104
滝,1197,6101
泰,1198,6093
佳,1199,6084
威,1200,6079
畑,1201,6057
尚,1202,6023
彰,1203,6003
附,1204,6001
綱,1205,5995
稿,1206,5961
奉,1207,5956
岳,1208,5954
賢,1209,5928
困,1210,5924
吾,1211,5920
即,1212,5907
診,1213,5899
窓,1214,5885
礎,1215,5878
袋,1216,5853
妖,1217,5840
衝,1218,5835
械,1219,5828
貢,1220,5823
伏,1221,5822
忍,1222,5817
鉱,1223,5816
轄,1224,5809
渉,1225,5797
賛,1226,5779
敏,1227,5760
徹,1228,5756
剤,1229,5749
沙,1230,5745
踏,1231,5726
祐,1232,5707
勲,1233,5701
傾,1234,5689
翻,1235,5674
嘉,1235,5674
幻,1236,5663
咲,1237,5660
桃,1238,5645
栗,1239,5642
誤,1240,5641
艇,1241,5635
陰,1242,5627
棋,1243,5623
看,1244,5612
炭,1245,5604
駒,1246,5603
菌,1247,5598
幡,1248,5597
剛,1249,5574
芳,1250,5539
如,1251,5530
斎,1252,5527
謀,1253,5521
掘,1254,5517
鳴,1255,5508
輔,1256,5507
網,1257,5497
往,1258,5496
茨,1259,5491
譜,1260,5487
沈,1261,5476
埋,1262,5469
誰,1263,5459
毒,1264,5437
浪,1265,5423
縦,1266,5406
斉,1266,5406
序,1267,5388
削,1268,5374
庄,1269,5367
趣,1270,5353
垣,1271,5344
李,1272,5341
怒,1273,5340
灯,1274,5333
緯,1275,5329
氷,1276,5322
耐,1277,5311
筑,1278,5303
猫,1279,5288
謝,1280,5277
僚,1281,5254
紫,1282,5251
箱,1283,5247
峰,1284,5242
軸,1285,5234
披,1286,5232
微,1287,5229
漁,1288,5222
棄,1289,5192
旭,1290,5191
洞,1291,5186
句,1292,5160
脈,1293,5153
顧,1294,5152
獄,1295,5145
鎌,1296,5136
括,1297,5128
墳,1298,5123
狭,1299,5117
柔,1300,5097
坊,1301,5076
頂,1302,5071
塾,1303,5060
銅,1304,5050
冊,1305,5029
呂,1306,5028
穴,1307,5003
裂,1308,4989
抑,1309,4986
菱,1310,4968
祝,1311,4964
唐,1312,4960
葬,1313,4951
輩,1314,4948
荘,1315,4913
雇,1316,4912
僕,1317,4901
詰,1318,4890
麗,1319,4885
陥,1320,4882
糸,1321,4853
悟,1322,4835
脇,1323,4821
卓,1324,4815
豆,1325,4814
借,1326,4804
祥,1327,4795
憶,1328,4780
洗,1329,4776
又,1330,4768
啓,1331,4761
迷,1332,4759
尋,1333,4751
旬,1334,4750
棟,1335,4749
干,1336,4747
腹,1337,4738
欲,1338,4720
恒,1339,4689
嶋,1340,4678
届,1341,4676
蓮,1342,4673
拳,1343,4672
飼,1344,4666
狙,1345,4654
拒,1346,4633
該,1347,4630
妙,1348,4617
綾,1349,4608
痛,1350,4604
径,1351,4591
逮,1352,4587
栃,1353,4578
祉,1354,4573
浄,1355,4565
俗,1356,4554
魂,1357,4512
緊,1358,4470
玄,1359,4469
晶,1360,4460
償,1361,4458
洲,1362,4457
隻,1363,4448
踊,1364,4447
贈,1364,4447
逐,1365,4418
偽,1366,4399
桑,1367,4394
隔,1367,4394
刷,1368,4393
顕,1369,4386
筒,1370,4381
翔,1371,4362
弦,1372,4356
拝,1373,4351
鋼,1374,4328
乙,1375,4320
尉,1376,4318
虎,1377,4306
泊,1378,4298
菅,1379,4280
狩,1380,4265
克,1381,4263
謎,1382,4255
眠,1383,4254
騒,1383,4254
塗,1384,4239
柏,1385,4218
戒,1386,4216
悲,1387,4200
挿,1388,4198
煙,1389,4197
淳,1390,4160
紋,1391,4155
棒,1392,4147
柴,1393,4129
仰,1394,4123
債,1395,4113
帳,1396,4109
貸,1397,4100
滑,1398,4098
溶,1399,4095
滋,1400,4087
亭,1401,4070
遷,1402,4067
喫,1403,4055
亮,1404,4042
陵,1405,4037
薄,1406,4031
慮,1407,4014
揚,1408,3998
昼,1409,3995
賃,1410,3992
殖,1411,3987
稚,1412,3984
享,1413,3974
遂,1414,3960
尻,1415,3948
桂,1416,3947
磁,1417,3944
硬,1418,3931
浴,1419,3920
哉,1420,3919
奴,1421,3915
胸,1422,3909
透,1423,3879
篠,1423,3879
奨,1424,3856
僧,1425,3848
禄,1426,3846
捨,1427,3844
廷,1428,3840
碑,1429,3824
竣,1430,3821
琴,1431,3818
葛,1432,3817
蘭,1433,3815
侯,1433,3815
柱,1434,3812
磨,1435,3810
勧,1436,3798
尽,1437,3792
繋,1438,3791
瑞,1438,3791
斗,1438,3791
撲,1439,3784
巣,1440,3783
滞,1441,3779
卵,1442,3776
曽,1443,3773
抵,1443,3773
梁,1444,3772
狂,1445,3745
涼,1446,3740
珍,1447,3723
闇,1448,3714
鷹,1449,3708
慎,1450,3697
塞,1450,3697
銘,1451,3693
寝,1452,3680
握,1453,3676
随,1454,3673
嵐,1455,3667
蒲,1456,3664
朱,1457,3660
傘,1458,3658
呉,1459,3637
辰,1460,3619
國,1461,3613
培,1462,3608
恩,1463,3603
蘇,1464,3599
郊,1465,3597
促,1466,3594
斜,1467,3582
弓,1467,3582
添,1468,3576
肥,1469,3562
幾,1470,3560
耳,1471,3535
劉,1472,3529
悩,1473,3526
曹,1474,3523
覆,1475,3522
甘,1476,3519
妃,1477,3517
稼,1478,3509
邸,1479,3503
崇,1480,3488
叙,1481,3479
遭,1482,3458
怖,1483,3450
徐,1484,3446
耕,1485,3435
隷,1486,3433
丈,1487,3432
熟,1488,3430
箇,1489,3428
狼,1490,3414
訂,1491,3409
乾,1492,3405
賊,1493,3386
蒸,1494,3385
悠,1495,3380
召,1496,3369
淡,1497,3361
圭,1498,3359
斬,1499,3358
桐,1500,3353
遇,1501,3344
珠,1502,3333
斐,1503,3332
萩,1504,3329
薩,1505,3325
励,1506,3320
陳,1507,3317
晩,1508,3315
銭,1509,3313
肩,1510,3309
旋,1511,3300
貿,1511,3300
媛,1512,3299
纂,1513,3267
函,1514,3261
誇,1515,3245
侍,1515,3245
臓,1516,3234
阻,1517,3208
霧,1517,3208
疾,1518,3207
卿,1519,3206
辻,1519,3206
摂,1520,3201
旨,1521,3199
紛,1522,3193
畿,1523,3191
瞬,1524,3187
倫,1525,3179
邪,1526,3178
慣,1527,3164
皆,1528,3163
謡,1529,3152
峠,1530,3151
寒,1531,3140
偶,1532,3138
匠,1533,3133
俺,1534,3122
晋,1535,3082
糖,1536,3078
凡,1537,3073
澄,1538,3066
罰,1539,3053
粉,1540,3047
孤,1541,3046
預,1542,3043
控,1543,3039
猿,1544,3036
努,1545,3033
扉,1546,3031
頻,1547,3026
敦,1548,3015
晃,1549,3014
溝,1550,3011
汚,1551,2998
勉,1552,2992
貝,1553,2990
駿,1554,2980
昔,1555,2976
泳,1555,2976
懸,1556,2970
潤,1557,2961
磯,1557,2961
昧,1558,2960
嫁,1558,2960
叢,1559,2957
菓,1560,2954
膜,1561,2944
貧,1562,2923
忘,1563,2913
措,1564,2877
恭,1565,2873
后,1566,2871
呪,1567,2865
涙,1568,2864
貯,1569,2858
雀,1570,2853
虐,1571,2847
緩,1572,2846
粒,1573,2837
宰,1574,2834
驚,1575,2832
栽,1576,2828
堤,1577,2819
堅,1578,2815
掃,1579,2812
磐,1580,2810
逸,1581,2798
舟,1582,2794
灰,1583,2788
軒,1583,2788
烈,1584,2778
謙,1585,2757
垂,1586,2749
錦,1587,2748
釣,1588,2742
戯,1589,2733
循,1590,2726
釜,1591,2724
酷,1592,2713
衰,1593,2709
班,1593,2709
屈,1594,2702
曖,1595,2692
椎,1596,2691
慈,1597,2690
劣,1598,2689
彫,1599,2684
槻,1600,2670
秦,1601,2667
媒,1602,2663
鼻,1603,2645
脅,1604,2636
峡,1605,2635
符,1606,2633
薦,1607,2632
簿,1608,2631
猛,1609,2630
噴,1610,2628
苗,1611,2610
擁,1612,2588
魅,1612,2588
軟,1613,2579
幽,1614,2574
傍,1615,2543
勘,1615,2543
辛,1616,2537
桁,1617,2528
渓,1618,2516
泣,1618,2516
挟,1619,2515
伐,1620,2510
靖,1621,2502
訟,1622,2501
聡,1623,2500
紗,1624,2497
脂,1624,2497
倶,1625,2493
祈,1626,2483
拘,1627,2480
准,1628,2478
唄,1629,2472
需,1630,2468
麦,1630,2468
祀,1631,2453
懐,1632,2446
薫,1633,2441
陶,1634,2438
赴,1635,2422
寮,1636,2420
旦,1637,2419
杏,1638,2410
篤,1639,2403
履,1639,2403
抽,1640,2399
尼,1641,2395
坪,1642,2389
牡,1643,2379
墜,1644,2374
藝,1645,2372
寧,1646,2369
虚,1647,2361
酵,1648,2349
笹,1649,2337
誓,1650,2335
叔,1651,2330
猪,1651,2330
腰,1652,2323
偏,1653,2305
鍵,1654,2287
搬,1655,2285
慰,1656,2281
黙,1657,2271
芽,1658,2257
匹,1659,2254
屯,1660,2233
妊,1660,2233
慢,1661,2229
應,1662,2222
犠,1663,2213
盾,1664,2212
曰,1665,2210
秩,1666,2209
琉,1667,2202
條,1668,2199
幣,1669,2198
禅,1670,2192
妨,1671,2191
践,1672,2186
掌,1673,2182
玲,1674,2165
蛇,1675,2163
帆,1676,2160
廣,1677,2157
瓦,1678,2148
零,1679,2145
諏,1680,2143
昆,1681,2133
鋭,1682,2114
慕,1683,2112
壇,1683,2112
刃,1684,2110
堺,1685,2108
叩,1686,2099
暁,1687,2097
暫,1688,2095
宋,1689,2091
芦,1690,2090
勃,1691,2087
湘,1692,2084
泥,1693,2080
籠,1694,2078
庶,1695,2075
蜂,1695,2075
湿,1696,2071
藍,1697,2067
瞳,1698,2063
浸,1699,2059
牲,1700,2055
嗣,1700,2055
喚,1701,2053
諭,1702,2051
學,1703,2050
寸,1704,2047
鐘,1705,2046
鳳,1706,2043
鼓,1706,2043
粋,1707,2041
揃,1708,2037
宜,1708,2037
橘,1709,2032
虜,1710,2027
莉,1711,2025
傑,1712,2023
讐,1713,2016
嬢,1714,2015
腐,1715,2010
淵,1715,2010
碁,1716,2008
揺,1717,1993
炉,1717,1993
帽,1718,1992
俣,1719,1984
虹,1720,1980
勅,1721,1976
楠,1722,1974
扇,1722,1974
吐,1723,1972
酔,1723,1972
疫,1724,1953
蹴,1724,1953
洪,1725,1952
叫,1726,1949
肢,1727,1943
壮,1727,1943
跳,1727,1943
巳,1728,1941
凍,1729,1934
羊,1730,1929
窪,1731,1927
佑,1732,1921
舶,1732,1921
遥,1733,1919
蓄,1734,1916
萌,1735,1909
郭,1736,1906
繊,1737,1903
癖,1737,1903
眞,1738,1900
魏,1739,1899
殻,1739,1899
蒼,1740,1898
偉,1740,1898
兆,1741,1884
唆,1742,1877
但,1743,1871
刈,1744,1867
隅,1745,1864
鷲,1746,1850
硫,1747,1846
呈,1748,1845
腫,1749,1843
梶,1750,1840
葵,1751,1839
隼,1751,1839
裸,1752,1835
喪,1753,1829
胴,1754,1824
囚,1755,1821
馴,1756,1816
庵,1757,1815
朋,1758,1813
貌,1759,1811
綿,1759,1811
鍋,1759,1811
讃,1760,1804
枢,1761,1803
烏,1762,1797
尺,1763,1794
瓶,1764,1793
胡,1765,1791
凶,1766,1787
憧,1767,1780
蓋,1768,1779
棚,1769,1777
嶺,1770,1762
畜,1771,1755
忌,1772,1749
猟,1773,1748
奮,1774,1747
舌,1775,1746
瑠,1776,1744
噂,1777,1743
疎,1778,1741
淀,1778,1741
雰,1779,1734
絞,1779,1734
播,1780,1730
岬,1781,1725
稀,1781,1725
趙,1782,1720
暖,1783,1719
鴨,1784,1715
隈,1785,1710
髄,1786,1709
肺,1787,1708
茎,1788,1702
孔,1789,1701
拾,1790,1700
櫻,1791,1699
擬,1792,1686
縛,1793,1681
逢,1793,1681
栖,1794,1680
盆,1795,1677
是,1796,1670
牽,1797,1668
毅,1798,1667
霞,1799,1665
湊,1800,1662
腸,1801,1661
肌,1801,1661
拍,1802,1658
穏,1803,1657
於,1803,1657
獅,1804,1654
墨,1805,1653
菩,1806,1652
楼,1807,1647
懲,1808,1645
尿,1809,1643
累,1810,1641
伎,1811,1636
粘,1812,1635
牙,1813,1634
郁,1813,1634
焦,1814,1630
膨,1815,1628
笛,1816,1627
巧,1816,1627
廊,1817,1625
鍛,1818,1624
樋,1819,1621
帖,1820,1620
剰,1820,1620
靴,1821,1617
畠,1822,1611
漏,1823,1604
惨,1824,1601
娠,1825,1594
樽,1825,1594
砕,1826,1588
癌,1827,1582
隙,1827,1582
蝶,1828,1580
夷,1828,1580
敢,1829,1576
肝,1830,1570
頑,1831,1569
悦,1832,1568
賠,1833,1564
捉,1834,1562
牝,1835,1560
邑,1836,1558
歓,1837,1556
賭,1838,1553
賜,1839,1552
杜,1840,1545
駄,1841,1543
柿,1842,1524
喧,1842,1524
砦,1843,1521
股,1844,1515
錬,1844,1515
剥,1845,1513
楊,1846,1512
渕,1847,1510
袖,1848,1505
嘘,1849,1498
潔,1850,1496
哨,1850,1496
洛,1851,1495
遼,1852,1492
閥,1853,1485
陀,1854,1484
鳩,1855,1479
膝,1856,1477
荻,1857,1473
哀,1857,1473
臭,1858,1470
喰,1859,1468
膚,1860,1465
扶,1861,1461
峯,1861,1461
鞍,1862,1460
麓,1863,1457
濱,1864,1452
漠,1865,1441
朽,1866,1440
衡,1867,1431
牟,1868,1426
粛,1869,1424
殴,1870,1421
璃,1870,1421
酬,1871,1419
鶏,1872,1414
醒,1872,1414
乏,1873,1411
窟,1874,1410
弧,1875,1406
髙,1876,1405
燥,1877,1404
曾,1878,1403
憎,1878,1403
缶,1879,1402
肖,1880,1400
粧,1881,1397
壌,1881,1397
叶,1882,1387
茅,1883,1385
抄,1884,1384
苑,1885,1380
嫡,1886,1378
鋳,1887,1377
槍,1887,1377
棲,1888,1373
冥,1889,1372
嘩,1890,1370
宴,1891,1366
椅,1892,1364
爪,1893,1360
醸,1894,1359
痴,1895,1358
潰,1896,1355
僅,1897,1352
捧,1898,1349
貼,1899,1347
廻,1900,1341
汽,1901,1337
臼,1901,1337
癒,1902,1335
萬,1903,1334
睦,1904,1333
詐,1904,1333
樺,1905,1332
汁,1906,1329
冨,1907,1328
耶,1908,1326
粟,1909,1324
欺,1909,1324
玩,1909,1324
箕,1910,1322
褐,1911,1321
辱,1911,1321
椿,1912,1320
巴,1912,1320
胆,1913,1315
鉛,1914,1313
勾,1914,1313
悔,1915,1312
欄,1916,1301
燕,1917,1294
拐,1918,1290
甥,1918,1290
痕,1919,1289
厩,1920,1283
鞭,1921,1279
瀧,1922,1278
譚,1923,1273
綴,1924,1272
絆,1925,1264
疲,1926,1263
悼,1927,1258
吊,1928,1252
輌,1928,1252
稔,1929,1251
錯,1930,1250
凌,1931,1248
糧,1931,1248
礁,1932,1246
崖,1933,1245
帥,1934,1243
綬,1935,1238
恥,1936,1237
穀,1937,1221
枯,1938,1218
胎,1939,1216
碧,1940,1215
﨑,1941,1214
褒,1942,1210
抹,1943,1209
詠,1944,1208
窮,1945,1207
雌,1946,1205
溜,1947,1202
甚,1948,1196
諾,1949,1193
紳,1950,1192
煮,1951,1189
廠,1952,1185
坑,1952,1185
豚,1953,1183
拉,1954,1182
絹,1955,1180
遮,1955,1180
畳,1956,1179
黎,1956,1179
暇,1957,1177
紺,1958,1174
紡,1958,1174
憑,1959,1169
串,1960,1163
汎,1961,1162
稽,1962,1161
把,1962,1161
湧,1963,1159
鎧,1963,1159
憂,1964,1151
逝,1965,1147
愚,1966,1146
寅,1967,1144
遍,1968,1137
嘆,1969,1136
亘,1970,1135
俵,1971,1130
漂,1972,1128
妄,1973,1126
廉,1974,1125
淑,1975,1124
姦,1975,1124
据,1976,1122
漆,1976,1122
鴻,1977,1121
婆,1978,1116
罠,1979,1115
惚,1980,1109
舘,1980,1109
挨,1981,1099
殆,1981,1099
拶,1982,1098
鐵,1982,1098
汗,1983,1097
胤,1984,1090
朴,1985,1089
腺,1986,1088
纏,1986,1088
儒,1987,1085
斑,1988,1081
惣,1989,1077
瘍,1990,1075
灘,1990,1075
婿,1990,1075
鵜,1991,1074
舷,1992,1068
掴,1993,1065
宛,1994,1063
骸,1995,1061
鵬,1996,1060
麺,1997,1056
戚,1998,1055
恨,1999,1054
餌,2000,1053
堆,2000,1053
懇,2001,1049
鄭,2002,1047
遡,2003,1046
祇,2004,1045
杖,2004,1045
彗,2004,1045
跨,2005,1044
顎,2006,1043
凱,2007,1041
卑,2008,1037
撰,2009,1036
倣,2009,1036
矛,2010,1034
榊,2011,1033
睡,2012,1031
奔,2013,1028
蒙,2014,1020
凝,2015,1012
楓,2016,1011
榎,2016,1011
曳,2016,1011
漬,2017,1009
昨,2018,1005
擦,2019,1004
憩,2020,1002
淫,2020,1002
鯨,2021,1000
蛍,2021,1000
迅,2022,999
戴,2023,996
擢,2023,996
巫,2024,994
鉢,2025,991
汐,2026,988
迦,2027,987
麟,2028,986
伽,2029,985
諦,2029,985
縫,2030,983
盲,2030,983
胃,2031,982
凄,2032,980
噛,2033,977
貰,2034,975
脊,2034,975
薇,2035,969
匿,2035,969
頓,2036,968
丞,2037,967
卸,2038,966
妥,2039,963
塊,2040,962
填,2041,961
爾,2042,959
狗,2043,957
槽,2044,956
註,2045,954
凛,2046,953
狐,2047,951
薔,2047,951
窒,2047,951
輿,2048,950
粗,2048,950
壱,2049,949
杵,2049,949
挺,2050,942
泌,2051,938
董,2052,937
梓,2053,934
飢,2053,934
尖,2054,933
襟,2055,932
其,2056,931
裔,2056,931
腔,2057,926
喋,2058,925
灌,2059,922
柚,2060,921
赦,2061,919
枕,2061,919
鱗,2062,916
翠,2062,916
詣,2063,915
餅,2064,910
惹,2065,908
踪,2065,908
揆,2065,908
韻,2066,904
仇,2067,903
塵,2068,902
冶,2069,900
惧,2070,897
腎,2071,896
蜜,2072,893
餓,2072,893
堕,2072,893
藻,2073,891
廟,2074,890
庇,2074,890
侶,2075,889
騙,2076,888
耗,2077,884
楚,2078,883
泡,2078,883
溺,2079,882
騨,2080,879
翁,2081,878
燈,2082,877
珂,2082,877
樫,2083,876
妬,2084,874
姻,2084,874
汲,2085,873
苫,2086,872
傭,2087,870
挫,2088,869
惜,2089,868
紘,2090,867
榴,2091,866
遽,2092,864
畔,2093,863
皿,2094,862
梱,2095,860
茜,2096,857
縣,2097,855
曇,2098,848
堰,2098,848
閑,2099,847
綻,2100,846
歪,2101,843
窯,2102,841
煉,2103,840
賄,2103,840
錠,2103,840
叱,2104,837
辿,2105,833
牢,2106,831
叉,2107,825
吏,2108,823
嘱,2109,821
慌,2110,819
鮎,2110,819
渚,2111,818
扮,2111,818
汰,2112,817
寂,2113,816
醤,2113,816
濡,2114,814
旺,2115,810
會,2116,807
鬱,2117,804
殉,2118,801
鷺,2118,801
肪,2119,799
欽,2120,798
芙,2120,798
庸,2121,797
齋,2122,795
邉,2123,793
霜,2123,793
唇,2124,786
酢,2124,786
嫉,2125,785
暢,2125,785
膳,2126,783
溢,2127,780
巌,2127,780
斯,2127,780
袁,2127,780
飽,2128,777
壺,2129,776
俸,2129,776
葺,2130,775
聘,2130,775
渦,2131,774
諜,2132,773
蚕,2133,772
峙,2134,771
坐,2135,770
穫,2136,769
拷,2137,768
蓉,2138,765
忙,2139,764
芥,2140,762
嚢,2141,761
儲,2141,761
哺,2142,760
桶,2143,759
剖,2144,758
喉,2145,757
熙,2145,757
兎,2145,757
裳,2146,756
騰,2147,755
鍼,2147,755
邊,2148,753
壬,2149,751
茉,2150,750
侠,2151,746
嗜,2152,743
稜,2152,743
肯,2153,742
釧,2154,740
凪,2155,737
桓,2155,737
滴,2155,737
圓,2156,736
牌,2157,735
轟,2157,735
嶽,2158,734
緋,2159,731
亨,2160,727
髭,2161,726
痺,2162,725
匡,2163,723
棺,2164,721
撫,2164,721
壕,2165,720
濁,2166,719
鈍,2167,718
喬,2167,718
芋,2168,714
鰭,2169,713
吟,2170,712
芹,2171,710
租,2172,708
魁,2173,707
綺,2174,704
昏,2175,703
兜,2176,700
諱,2177,696
魯,2177,696
伍,2178,695
頸,2179,693
宍,2179,693
檀,2179,693
璧,2180,692
楕,2181,691
叡,2181,691
玖,2182,690
慧,2182,690
暑,2182,690
或,2183,689
瓜,2184,687
莫,2184,687
屍,2184,687
噌,2184,687
琶,2185,685
云,2185,685
焉,2186,683
斧,2187,682
梗,2188,681
艶,2189,679
琵,2189,679
肘,2189,679
怨,2190,677
檜,2191,676
倭,2192,674
宕,2192,674
肇,2193,673
禍,2194,672
紐,2195,670
匂,2196,669
汪,2197,667
孟,2198,666
惟,2199,665
峨,2200,662
厨,2201,659
娯,2201,659
只,2202,658
眺,2203,657
舵,2203,657
嬉,2204,656
諫,2204,656
蛮,2205,652
壽,2205,652
麿,2206,648
冴,2207,645
賦,2208,641
櫛,2209,639
揖,2209,639
仔,2210,637
聯,2211,636
矩,2211,636
沸,2212,635
姪,2213,634
諡,2214,633
憤,2215,632
團,2216,628
乞,2217,627
謳,2218,624
弐,2219,622
猶,2219,622
銚,2220,621
弄,2221,619
站,2221,619
爺,2221,619
侮,2222,616
柊,2223,615
輯,2224,612
閃,2224,612
榛,2225,610
錐,2226,609
厄,2227,607
桟,2228,606
尹,2228,606
濯,2229,605
薙,2229,605
麒,2230,604
朔,2231,603
瀕,2231,603
蕭,2232,602
蔣,2233,601
雁,2234,600
醐,2234,600
甫,2235,599
硝,2235,599
漱,2236,598
琢,2236,598
賑,2236,598
彬,2237,597
戊,2238,596
雛,2239,595
曼,2240,594
杭,2241,590
蔽,2241,590
醍,2242,588
嵩,2243,587
禎,2243,587
捻,2244,585
諮,2244,585
絢,2245,584
怜,2245,584
脆,2245,584
呑,2246,583
埴,2247,582
眉,2247,582
釘,2247,582
怠,2248,580
濫,2248,580
彌,2248,580
隋,2249,577
奄,2250,576
棘,2250,576
蝦,2251,572
咸,2251,572
崔,2251,572
荼,2252,569
鮫,2252,569
襄,2253,568
禰,2253,568
某,2254,567
巾,2255,566
卯,2256,564
罵,2257,563
炊,2258,560
謹,2258,560
允,2259,557
錫,2260,556
筐,2260,556
嵯,2261,555
摺,2262,554
蔑,2262,554
按,2263,553
閏,2264,552
徽,2265,550
賓,2266,548
屏,2266,548
梵,2266,548
苛,2266,548
遙,2266,548
坦,2267,546
渇,2268,540
藪,2269,537
訃,2269,537
蹟,2270,535
冗,2271,533
馳,2271,533
渠,2272,530
怯,2272,530
漑,2272,530
瑛,2273,529
晒,2274,528
喩,2275,527
毘,2276,526
蟹,2277,524
丙,2277,524
蔭,2278,523
溪,2279,522
迂,2280,521
螺,2280,521
擲,2281,520
佛,2281,520
蔡,2282,519
榮,2282,519
實,2283,516
蟲,2284,515
蛛,2285,512
喝,2285,512
鉾,2286,509
昂,2286,509
蜀,2287,507
采,2288,505
翅,2288,505
愁,2289,504
撒,2290,503
柵,2291,502
彷,2291,502
鼠,2292,501
弊,2292,501
栓,2292,501
窺,2293,499
罹,2293,499
款,2294,498
捷,2295,497
机,2295,497
欣,2296,495
呆,2296,495
繕,2296,495
煽,2297,493
埠,2297,493
蜘,2298,491
凸,2299,490
裾,2299,490
祷,2300,488
楯,2300,488
此,2300,488
堪,2301,487
侑,2302,486
陛,2303,485
蹄,2303,485
升,2303,485
靭,2304,484
廿,2304,484
瞭,2305,483
芭,2306,482
來,2307,479
矯,2307,479
詔,2308,477
峻,2309,476
姜,2310,474
覗,2310,474
宵,2310,474
糾,2311,473
弔,2312,472
蕉,2312,472
傳,2313,471
皐,2313,471
扁,2313,471
彙,2313,471
贄,2314,470
逓,2314,470
淮,2314,470
綜,2315,469
這,2315,469
凰,2316,466
冑,2316,466
麹,2317,465
颯,2318,464
爽,2319,461
勁,2320,460
狸,2320,460
輛,2320,460
曙,2321,459
祠,2322,458
蹊,2322,458
隕,2323,454
鯉,2323,454
晦,2324,452
圀,2324,452
礫,2324,452
袴,2324,452
噺,2325,451
囃,2326,450
縞,2327,449
惠,2328,448
挽,2328,448
萱,2329,446
搾,2330,445
憐,2331,443
豹,2332,442
寵,2332,442
駕,2333,441
掟,2334,438
橙,2334,438
窃,2335,436
馮,2336,433
芯,2337,432
鍾,2337,432
楢,2338,431
苔,2338,431
逗,2338,431
煩,2339,430
崗,2340,428
雫,2340,428
葦,2341,425
詫,2342,424
遵,2343,422
娼,2343,422
氾,2344,420
澪,2345,419
鞘,2346,418
耀,2346,418
愉,2347,417
槇,2347,417
砥,2347,417
盧,2348,416
篭,2349,415
咽,2350,413
斡,2350,413
韮,2350,413
妓,2351,411
寡,2351,411
謁,2351,411
灸,2351,411
蓬,2352,410
漸,2353,409
吻,2353,409
醜,2353,409
槌,2353,409
鋒,2354,408
伺,2354,408
苅,2354,408
煎,2354,408
梢,2354,408
殲,2355,407
凹,2356,406
煌,2357,405
梯,2357,405
揶,2358,404
揄,2358,404
蔓,2359,403
諒,2360,401
夭,2361,400
汝,2361,400
聚,2362,399
址,2362,399
祓,2362,399
糞,2362,399
斥,2362,399
繭,2363,397
浙,2363,397
渥,2364,396
粕,2365,395
痙,2366,394
邱,2367,393
罷,2368,392
竪,2368,392
攣,2368,392
痩,2369,390
砺,2370,389
勿,2371,388
而,2371,388
婁,2372,387
薨,2373,386
揉,2374,385
櫓,2374,385
媚,2374,385
葡,2374,385
勒,2374,385
偕,2375,384
蘆,2376,383
閤,2377,382
湛,2377,382
櫂,2378,378
塙,2379,376
頬,2380,375
柑,2381,373
濤,2381,373
饉,2381,373
蒔,2382,372
薗,2382,372
叛,2383,371
傲,2383,371
腿,2383,371
且,2384,370
碓,2384,370
蛙,2385,369
孵,2385,369
脩,2386,368
爬,2386,368
膵,2386,368
拗,2387,366
喘,2388,365
餐,2388,365
寓,2388,365
爛,2389,364
妾,2390,363
于,2390,363
蕎,2390,363
邨,2390,363
齊,2391,362
渾,2391,362
鄧,2392,361
箸,2392,361
墟,2393,360
愕,2393,360
蕃,2394,359
臆,2394,359
槙,2395,358
嶼,2395,358
穣,2396,356
饗,2396,356
詮,2397,355
馨,2397,355
塀,2397,355
荊,2397,355
剃,2398,354
攘,2399,353
矮,2399,353
躊,2400,352
躇,2400,352
陪,2401,350
毀,2401,350
閻,2402,349
蝕,2402,349
弼,2403,347
菖,2403,347
穿,2404,346
與,2404,346
轢,2404,346
椋,2404,346
躯,2405,344
盃,2406,343
涌,2407,341
堯,2408,339
薪,2409,338
鼎,2409,338
姑,2410,337
蕨,2411,336
墾,2412,335
碩,2412,335
鯖,2413,334
庚,2413,334
丼,2413,334
虔,2413,334
訛,2413,334
焚,2414,333
膿,2414,333
祢,2415,332
鋸,2415,332
橿,2416,331
傀,2416,331
堵,2417,330
鸞,2417,330
錆,2418,329
拭,2418,329
痢,2418,329
拙,2419,328
灼,2420,327
漕,2421,326
窩,2421,326
刹,2422,325
誅,2423,322
冤,2423,322
桔,2424,321
荏,2424,321
儡,2424,321
膠,2425,320
酪,2426,319
嗅,2427,318
巽,2427,318
疹,2427,318
萄,2427,318
佃,2428,316
跋,2429,313
嵌,2429,313
丑,2430,312
梧,2430,312
凜,2430,312
翰,2430,312
蟻,2431,309
戮,2432,308
狛,2432,308
游,2433,307
檎,2434,306
雍,2435,305
竿,2436,304
趾,2436,304
耆,2436,304
柾,2437,303
飴,2437,303
蛋,2437,303
洩,2438,302
范,2438,302
傅,2438,302
胚,2439,301
曝,2439,301
栞,2439,301
厭,2439,301
證,2440,300
堡,2440,300
悶,2440,300
煕,2440,300
箔,2440,300
匣,2440,300
戎,2441,299
冲,2441,299
鐸,2441,299
疆,2441,299
姚,2442,298
臥,2443,297
榜,2444,296
桧,2444,296
謂,2444,296
艤,2444,296
漣,2445,295
隘,2446,294
邇,2446,294
沌,2446,294
蔦,2447,293
掻,2447,293
做,2448,291
嬰,2449,290
卜,2449,290
鯛,2449,290
慨,2450,289
畝,2451,288
亥,2451,288
珊,2451,288
亞,2452,287
鹵,2453,286
屑,2453,286
閔,2453,286
蛭,2454,285
舜,2454,285
崑,2455,284
膏,2455,284
炸,2456,283
暉,2457,282
嘴,2458,281
皓,2459,280
潘,2460,279
吠,2460,279
咎,2460,279
濠,2460,279
繍,2461,278
嘲,2461,278
虞,2462,277
氣,2463,276
遜,2463,276
鞠,2464,275
惇,2464,275
燐,2464,275
訊,2464,275
痘,2465,274
鹸,2466,272
彿,2466,272
腱,2466,272
洒,2466,272
筈,2467,271
猥,2468,270
悌,2469,269
瓊,2469,269
羨,2470,268
絨,2470,268
禿,2471,267
鴉,2471,267
當,2472,266
泄,2472,266
疏,2473,265
諧,2473,265
慄,2474,264
瑚,2474,264
拼,2474,264
辣,2474,264
疱,2474,264
潭,2474,264
畏,2475,261
偲,2475,261
緻,2476,260
沃,2477,259
藏,2477,259
陝,2477,259
樂,2478,258
裟,2478,258
頒,2479,257
迭,2480,256
螢,2480,256
彭,2480,256
鏑,2480,256
琳,2481,255
炒,2481,255
捏,2482,254
甦,2483,253
嘗,2483,253
鰐,2483,253
蝉,2483,253
圳,2484,252
狡,2484,252
璋,2484,252
箭,2484,252
穆,2485,251
咬,2485,251
佩,2485,251
茹,2486,250
秤,2486,250
豫,2486,250
蕩,2487,249
肛,2487,249
塹,2488,248
簾,2488,248
酎,2488,248
臺,2489,247
垢,2490,246
犀,2490,246
蝋,2490,246
俯,2490,246
碇,2491,245
顆,2491,245
捗,2491,245
賽,2492,244
韋,2492,244
熾,2492,244
萼,2492,244
甕,2492,244
欅,2493,243
毬,2493,243
韶,2493,243
嘔,2494,242
賈,2495,240
浚,2495,240
櫃,2495,240
糟,2495,240
遁,2496,239
贅,2496,239
殷,2497,238
唾,2497,238
軋,2497,238
瞑,2497,238
洸,2497,238
鍬,2497,238
滸,2498,237
焔,2498,237
昴,2498,237
熹,2499,236
脛,2499,236
聰,2499,236
僑,2499,236
舐,2500,235
隧,2500,235
寇,2501,234
肋,2501,234
迄,2501,234
袈,2501,234
巷,2502,233
奠,2502,233
訣,2503,232
奢,2503,232
徨,2504,231
餃,2504,231
耽,2505,230
蕪,2505,230
埜,2505,230
劾,2505,230
貪,2506,229
囁,2506,229
賂,2506,229
冪,2506,229
朧,2506,229
蓑,2507,228
屠,2507,228
棍,2508,227
鋏,2508,227
酋,2508,227
磔,2509,226
琥,2510,225
宥,2510,225
饅,2510,225
鳶,2511,224
杷,2511,224
竈,2511,224
赫,2511,224
鞆,2511,224
鉤,2511,224
薮,2512,223
吃,2512,223
芒,2513,222
娶,2513,222
兒,2514,221
蒐,2514,221
贋,2515,220
苻,2515,220
翡,2516,219
鷗,2516,219
舒,2516,219
姶,2516,219
珀,2517,218
渤,2517,218
穢,2517,218
裴,2517,218
眩,2517,218
塑,2518,217
壷,2518,217
讀,2519,216
疼,2519,216
劔,2519,216
瘤,2519,216
獨,2519,216
頌,2520,215
蚊,2520,215
瀋,2521,214
寶,2521,214
邁,2521,214
聲,2522,213
衙,2522,213
德,2523,212
糠,2523,212
祚,2524,211
嗚,2524,211
岱,2525,210
咳,2525,210
詢,2525,210
菟,2525,210
柘,2525,210
筏,2525,210
疇,2526,209
酉,2526,209
桝,2526,209
雉,2526,209
萎,2526,209
檻,2527,208
囮,2528,207
謗,2529,206
紆,2529,206
莱,2529,206
衷,2529,206
燦,2530,205
莢,2530,205
苺,2530,205
珪,2530,205
鰓,2531,204
賤,2531,204
甑,2531,204
苞,2532,203
樟,2533,202
濾,2533,202
誹,2534,201
髏,2535,200
頚,2536,199
髑,2536,199
塘,2536,199
哈,2536,199
饌,2537,198
粥,2537,198
燻,2537,198
禮,2537,198
藁,2537,198
蛟,2537,198
卍,2537,198
鰻,2537,198
毫,2538,197
咋,2538,197
牒,2538,197
阮,2538,197
瑤,2539,196
崙,2539,196
睨,2540,195
肆,2540,195
號,2541,194
籾,2541,194
孕,2542,193
譽,2542,193
綸,2543,192
奎,2543,192
鎬,2543,192
懿,2543,192
宦,2543,192
蜷,2544,191
鴇,2544,191
忽,2545,190
涛,2545,190
聾,2545,190
圃,2546,189
靱,2547,188
雙,2547,188
稙,2548,187
箋,2548,187
竄,2548,187
捌,2549,186
斌,2550,185
靡,2550,185
倖,2550,185
賣,2550,185
旛,2551,184
鑽,2551,184
碕,2551,184
祟,2552,183
瑜,2552,183
戌,2552,183
饒,2553,182
倹,2553,182
套,2553,182
經,2554,181
訶,2554,181
瘡,2554,181
圖,2555,180
澁,2555,180
尤,2556,179
黛,2556,179
顛,2556,179
涅,2556,179
廓,2557,178
幇,2557,178
嚇,2557,178
槃,2557,178
哭,2558,177
姐,2558,177
掠,2558,177
抒,2558,177
竺,2559,176
碗,2559,176
斤,2559,176
鞄,2560,175
瞼,2560,175
咄,2560,175
岑,2560,175
萠,2560,175
撥,2560,175
嬪,2560,175
攫,2561,174
酌,2561,174
珈,2562,173
贖,2563,172
禾,2563,172
鴎,2563,172
厥,2563,172
掩,2563,172
蔚,2564,171
邂,2564,171
筧,2564,171
稗,2564,171
膣,2564,171
簒,2564,171
廖,2564,171
兇,2565,170
篆,2565,170
閩,2565,170
亦,2565,170
枇,2565,170
楔,2565,170
擾,2565,170
些,2566,169
衍,2566,169
逅,2566,169
姥,2567,168
廬,2567,168
椒,2567,168
坡,2567,168
你,2568,167
逼,2568,167
桿,2569,166
灣,2570,165
蜃,2570,165
琲,2570,165
鶯,2570,165
糊,2571,164
袂,2571,164
徊,2571,164
掾,2572,163
呟,2572,163
繪,2572,163
徘,2572,163
繚,2572,163
悉,2573,162
腋,2573,162
漿,2573,162
捺,2574,161
唖,2574,161
懺,2574,161
薛,2575,160
匈,2575,160
埔,2575,160
厘,2576,159
拮,2576,159
毯,2576,159
嶌,2577,158
霖,2577,158
麾,2577,158
彪,2577,158
錘,2577,158
拿,2577,158
枡,2577,158
飄,2578,157
璽,2578,157
晰,2578,157
沓,2578,157
憚,2578,157
禽,2579,156
戰,2579,156
錨,2579,156
燭,2579,156
羞,2579,156
椙,2580,155
廆,2580,155
瀞,2580,155
謄,2581,154
凧,2581,154
沫,2581,154
滉,2581,154
莞,2582,153
孚,2583,152
茸,2584,151
蕾,2584,151
猷,2584,151
燿,2584,151
淘,2584,151
錮,2584,151
攀,2584,151
蕊,2584,151
總,2585,150
蛾,2585,150
鮭,2585,150
楡,2585,150
乖,2585,150
弛,2585,150
衞,2585,150
份,2585,150
摯,2586,149
疋,2587,148
彅,2587,148
鵠,2588,147
穹,2588,147
咤,2588,147
紬,2588,147
攪,2588,147
劫,2589,146
諌,2589,146
瀾,2589,146
憾,2589,146
佼,2589,146
梟,2589,146
舛,2590,145
臀,2590,145
炳,2591,144
伶,2592,143
釉,2593,142
怡,2593,142
茄,2594,141
盈,2594,141
逍,2594,141
蝙,2594,141
坤,2594,141
鯱,2595,140
嵜,2595,140
碍,2595,140
畷,2595,140
冀,2595,140
椀,2596,139
瓢,2597,138
箒,2597,138
鐡,2597,138
鯰,2597,138
嗟,2598,137
猾,2598,137
眷,2598,137
晟,2598,137
逞,2598,137
剱,2598,137
吼,2598,137
箏,2598,137
啄,2599,136
轍,2599,136
渫,2599,136
蝠,2599,136
捩,2599,136
鉉,2599,136
邯,2600,135
迪,2600,135
禹,2600,135
托,2601,134
蠣,2601,134
瑳,2601,134
捲,2601,134
煥,2601,134
柩,2602,133
虻,2602,133
瓚,2602,133
汀,2602,133
秉,2602,133
溥,2603,132
娩,2603,132
餡,2603,132
冉,2603,132
仗,2603,132
檗,2604,131
絲,2604,131
裡,2604,131
赳,2604,131
輜,2604,131
笙,2605,130
弩,2605,130
鍔,2605,130
竇,2605,130
煬,2605,130
褻,2605,130
侃,2605,130
宸,2605,130
辟,2605,130
鏃,2605,130
誦,2605,130
羹,2606,129
硯,2606,129
齧,2606,129
蟄,2607,128
仄,2607,128
嚆,2607,128
蠍,2607,128
寬,2608,127
巖,2608,127
祁,2609,126
蛸,2609,126
恕,2609,126
踵,2609,126
鈔,2609,126
咆,2609,126
綏,2609,126
鍮,2609,126
砧,2610,125
郞,2610,125
驍,2611,124
尭,2611,124
誼,2611,124
椰,2611,124
亢,2611,124
箪,2611,124
澎,2611,124
膀,2612,123
澳,2612,123
幀,2612,123
筵,2612,123
槐,2613,122
迹,2613,122
鰹,2614,121
恰,2614,121
丕,2614,121
泗,2614,121
鬘,2615,120
鱒,2615,120
肴,2615,120
渭,2615,120
泪,2615,120
關,2616,119
奸,2616,119
礒,2616,119
穎,2616,119
謬,2616,119
閘,2616,119
茗,2617,118
篩,2617,118
貶,2617,118
菫,2618,117
蛯,2618,117
檸,2618,117
昊,2618,117
棠,2618,117
胱,2619,116
檬,2619,116
昶,2619,116
哥,2619,116
嬌,2619,116
匝,2619,116
讒,2620,115
剋,2620,115
糀,2620,115
淋,2620,115
掬,2620,115
瞞,2620,115
隴,2620,115
棗,2621,114
躙,2621,114
煤,2621,114
并,2621,114
帛,2622,113
蛹,2622,113
絃,2622,113
獏,2622,113
蓼,2622,113
狄,2623,112
荀,2623,112
撹,2624,111
凉,2624,111
滬,2624,111
俘,2625,110
瀑,2625,110
惰,2625,110
峴,2625,110
咫,2626,109
疵,2626,109
襖,2626,109
曺,2626,109
鬚,2627,108
滄,2627,108
焙,2627,108
鋤,2627,108
匐,2627,108
儚,2627,108
糎,2627,108
緬,2627,108
枷,2628,107
瑕,2628,107
蹂,2628,107
銑,2628,107
拌,2628,107
笏,2628,107
褌,2628,107
娥,2628,107
簗,2629,106
幟,2629,106
弗,2629,106
魎,2629,106
兗,2629,106
佇,2630,105
戟,2630,105
樅,2630,105
諍,2630,105
體,2630,105
挾,2630,105
鐙,2630,105
萊,2631,104
澱,2631,104
奕,2631,104
旱,2631,104
鵡,2631,104
烙,2632,103
僭,2632,103
憬,2632,103
肱,2632,103
濵,2632,103
雞,2632,103
廈,2633,102
礪,2633,102
拵,2633,102
癬,2633,102
什,2634,101
俠,2634,101
婢,2634,101
輻,2634,101
贔,2634,101
祗,2634,101
脾,2634,101
卦,2634,101
柯,2634,101
蘊,2634,101
贛,2634,101
檄,2635,100
恆,2635,100
發,2635,100
哮,2635,100
苟,2635,100
沂,2635,100
邵,2635,100
楳,2636,99
癸,2636,99
謨,2636,99
楷,2636,99
艘,2636,99
奘,2636,99
畦,2636,99
瞰,2636,99
彡,2636,99
晨,2637,98
蜥,2637,98
棹,2637,98
菰,2638,97
睿,2638,97
卷,2638,97
屓,2638,97
驤,2638,97
蜴,2638,97
洙,2638,97
瓌,2638,97
髷,2639,96
蒜,2639,96
魃,2639,96
剌,2639,96
駁,2639,96
夙,2639,96
魍,2639,96
晁,2639,96
羌,2639,96
嬬,2640,95
孜,2640,95
叟,2640,95
卡,2640,95
菲,2640,95
滓,2640,95
鋪,2641,94
衿,2641,94
呵,2641,94
舩,2641,94
翳,2641,94
樓,2641,94
兪,2641,94
咥,2641,94
駝,2641,94
乎,2642,93
諺,2642,93
駈,2642,93
趨,2642,93
闍,2642,93
甜,2642,93
鋺,2642,93
烹,2643,92
槎,2643,92
驃,2643,92
已,2644,91
浬,2644,91
禧,2644,91
鮑,2644,91
炯,2644,91
鵄,2645,90
鄲,2645,90
耿,2645,90
徠,2645,90
笥,2645,90
冰,2645,90
飫,2645,90
霍,2645,90
凋,2646,89
栢,2646,89
處,2646,89
埃,2646,89
匍,2646,89
徂,2646,89
椚,2646,89
魄,2646,89
斂,2647,88
杓,2647,88
葭,2647,88
僻,2648,87
苧,2648,87
黌,2648,87
栂,2648,87
窄,2648,87
將,2648,87
涵,2648,87
涜,2648,87
帷,2648,87
龔,2648,87
咩,2648,87
倦,2649,86
蕗,2649,86
俄,2649,86
艀,2649,86
剪,2649,86
戍,2649,86
輓,2649,86
闕,2650,85
燁,2650,85
粂,2650,85
杢,2650,85
恣,2650,85
礦,2650,85
粲,2650,85
俟,2651,84
黑,2651,84
蟠,2651,84
酊,2651,84
闊,2651,84
枳,2651,84
靳,2651,84
瑪,2652,83
倪,2652,83
盪,2652,83
狽,2652,83
燮,2652,83
鵺,2652,83
痍,2652,83
鴫,2652,83
敖,2652,83
樊,2653,82
晏,2653,82
滲,2653,82
區,2653,82
睾,2653,82
墺,2653,82
痣,2654,81
絣,2654,81
屁,2654,81
葱,2654,81
戀,2654,81
祺,2654,81
駱,2654,81
龐,2654,81
權,2655,80
扈,2655,80
躬,2655,80
恍,2655,80
寨,2655,80
苓,2656,79
慟,2656,79
篝,2656,79
涸,2656,79
酩,2656,79
敞,2656,79
杣,2656,79
欒,2657,78
炙,2657,78
籃,2657,78
漉,2657,78
櫟,2657,78
辯,2657,78
尸,2658,77
褚,2658,77
崋,2658,77
椛,2658,77
對,2658,77
篋,2658,77
閨,2658,77
咀,2658,77
憫,2658,77
矧,2658,77
愍,2658,77
獺,2658,77
庾,2658,77
痰,2659,76
莽,2659,76
抉,2659,76
躾,2659,76
弉,2659,76
濟,2660,75
鈑,2660,75
曉,2660,75
纒,2660,75
郝,2660,75
蜻,2660,75
卉,2660,75
靈,2660,75
豐,2660,75
艾,2661,74
截,2661,74
臧,2661,74
槨,2661,74
雜,2661,74
琅,2661,74
鴛,2661,74
篁,2661,74
偃,2661,74
偈,2661,74
鬆,2661,74
戔,2661,74
浣,2661,74
閭,2662,73
畢,2662,73
醇,2662,73
几,2662,73
鋲,2662,73
儂,2662,73
撓,2662,73
錣,2662,73
螂,2662,73
鄰,2662,73
婉,2662,73
酘,2662,73
瑩,2663,72
俎,2663,72
瘴,2663,72
舅,2663,72
嚥,2663,72
檣,2663,72
鮒,2663,72
菴,2663,72
櫨,2663,72
竟,2663,72
箚,2663,72
晞,2663,72
霹,2664,71
廼,2664,71
詛,2664,71
樵,2664,71
瀉,2664,71
棣,2664,71
琦,2665,70
餘,2665,70
閾,2665,70
羲,2665,70
頴,2665,70
薯,2665,70
謐,2665,70
鈿,2665,70
吳,2665,70
觀,2665,70
躰,2666,69
鄙,2666,69
筰,2666,69
痔,2666,69
脹,2666,69
袢,2666,69
們,2666,69
倚,2666,69
籐,2666,69
鄴,2666,69
汾,2666,69
聳,2666,69
潁,2666,69
翟,2666,69
釋,2667,68
訥,2667,68
軻,2667,68
窈,2667,68
蟷,2667,68
壹,2667,68
彧,2667,68
鉦,2667,68
鎚,2668,67
厦,2668,67
唸,2668,67
稠,2668,67
獰,2668,67
霰,2668,67
鍍,2668,67
絅,2668,67
瑾,2668,67
鸚,2669,66
掖,2669,66
盞,2669,66
癪,2669,66
癇,2669,66
驕,2669,66
匙,2669,66
槿,2669,66
旻,2669,66
蠕,2670,65
薊,2670,65
黃,2670,65
淹,2670,65
磊,2670,65
禕,2670,65
籟,2670,65
效,2670,65
鈞,2670,65
喇,2670,65
暎,2670,65
杞,2670,65
杼,2670,65
蒋,2671,64
歿,2671,64
藉,2671,64
疽,2671,64
旁,2671,64
濊,2671,64
瞥,2671,64
雹,2671,64
匪,2671,64
鴦,2671,64
淺,2671,64
蝸,2671,64
奚,2671,64
襷,2672,63
茲,2672,63
恪,2672,63
洵,2672,63
顯,2672,63
葯,2672,63
谿,2672,63
變,2672,63
悸,2672,63
愾,2672,63
襞,2672,63
澗,2672,63
杁,2672,63
驪,2672,63
聊,2672,63
潼,2672,63
齟,2673,62
齬,2673,62
蝿,2673,62
腓,2673,62
專,2673,62
襦,2673,62
翊,2673,62
矜,2673,62
繆,2673,62
蛉,2673,62
窠,2673,62
摸,2674,61
靂,2674,61
畫,2674,61
馥,2674,61
訝,2674,61
茫,2674,61
籔,2674,61
諷,2674,61
吽,2674,61
萇,2674,61
晧,2674,61
沐,2674,61
跪,2675,60
痒,2675,60
衾,2675,60
鰺,2675,60
啖,2675,60
暠,2675,60
邈,2675,60
暈,2675,60
彊,2675,60
刎,2675,60
軛,2675,60
鄒,2675,60
郴,2675,60
藺,2676,59
軾,2676,59
臂,2676,59
餞,2676,59
琪,2676,59
无,2676,59
禊,2676,59
昱,2676,59
籬,2676,59
槓,2676,59
瑁,2676,59
笘,2676,59
郤,2676,59
鰯,2677,58
褥,2677,58
繡,2677,58
瑶,2677,58
愼,2677,58
恂,2677,58
鑢,2677,58
菁,2677,58
邀,2677,58
聶,2677,58
甸,2677,58
霆,2678,57
貂,2678,57
匁,2678,57
搗,2678,57
舍,2678,57
燧,2678,57
璐,2679,56
喀,2679,56
惡,2679,56
鴈,2679,56
斃,2679,56
熔,2679,56
儘,2679,56
嚼,2679,56
嶝,2679,56
芬,2679,56
閼,2679,56
餉,2679,56
頤,2679,56
霸,2679,56
綝,2679,56
兀,2679,56
种,2679,56
戈,2680,55
臍,2680,55
粤,2680,55
撞,2680,55
靜,2680,55
网,2680,55
鶉,2680,55
粁,2680,55
穐,2680,55
鑁,2680,55
蘋,2680,55
籌,2680,55
躁,2680,55
剽,2680,55
媽,2680,55
稷,2680,55
皺,2680,55
婷,2680,55
敲,2680,55
喆,2680,55
鉞,2681,54
躅,2681,54
奧,2681,54
亙,2681,54
毗,2681,54
筍,2681,54
賎,2681,54
鉈,2682,53
劍,2682,53
楫,2682,53
攷,2682,53
鮨,2682,53
玻,2682,53
鈎,2682,53
榑,2682,53
翫,2682,53
僊,2682,53
煒,2682,53
麩,2682,53
假,2682,53
沛,2682,53
馗,2682,53
砌,2682,53
陴,2682,53
躑,2683,52
飜,2683,52
熈,2683,52
娜,2683,52
涇,2683,52
甄,2683,52
彝,2683,52
粍,2683,52
瓏,2683,52
攸,2684,51
駸,2684,51
朦,2684,51
釐,2684,51
箴,2684,51
猜,2684,51
慇,2684,51
懃,2684,51
瞻,2684,51
綽,2684,51
邏,2684,51
磋,2684,51
淆,2684,51
譯,2684,51
舫,2684,51
撼,2684,51
毓,2684,51
弑,2684,51
褪,2684,51
錢,2684,51
鑓,2685,50
邢,2685,50
龕,2685,50
頗,2685,50
嗽,2685,50
蛆,2685,50
樗,2685,50
涎,2685,50
猴,2685,50
炮,2685,50
紇,2685,50
褶,2685,50
曠,2685,50
湍,2685,50
覺,2685,50
髣,2686,49
髴,2686,49
騏,2686,49
羿,2686,49
皝,2686,49
爲,2686,49
黍,2686,49
繇,2686,49
悍,2686,49
鬨,2686,49
寳,2686,49
嗤,2686,49
羯,2686,49
醗,2686,49
夾,2686,49
埒,2686,49
铁,2686,49
悳,2686,49
嘯,2686,49
撚,2686,49
辨,2687,48
橈,2687,48
鎭,2687,48
齎,2687,48
恫,2687,48
數,2687,48
鹹,2687,48
滕,2687,48
靄,2687,48
弌,2687,48
涿,2687,48
臚,2687,48
徇,2687,48
潴,2688,47
滎,2688,47
珉,2688,47
歎,2688,47
惺,2688,47
笈,2688,47
缺,2688,47
撈,2688,47
麝,2688,47
舉,2688,47
繹,2688,47
瀛,2688,47
渝,2688,47
澹,2688,47
詹,2689,46
匯,2689,46
胥,2689,46
漳,2689,46
郢,2689,46
峅,2689,46
瘢,2689,46
勳,2689,46
驟,2689,46
臘,2689,46
籤,2689,46
瓘,2689,46
蟇,2689,46
蠢,2689,46
鵞,2689,46
猩,2689,46
劃,2689,46
鉋,2689,46
躓,2689,46
敎,2689,46
萍,2689,46
琬,2689,46
汶,2689,46
芮,2689,46
錚,2689,46
朶,2689,46
猗,2689,46
盂,2690,45
銜,2690,45
搦,2690,45
燎,2690,45
蛎,2690,45
朕,2690,45
罫,2690,45
劈,2690,45
鱈,2690,45
疣,2690,45
鑿,2690,45
葎,2690,45
娟,2690,45
琮,2690,45
邕,2690,45
鑼,2690,45
噶,2690,45
鰊,2691,44
枻,2691,44
娃,2691,44
嚴,2691,44
腑,2691,44
禦,2691,44
蘂,2691,44
侈,2691,44
燼,2691,44
烝,2691,44
杰,2691,44
壩,2691,44
續,2691,44
顒,2691,44
羆,2692,43
營,2692,43
隍,2692,43
幢,2692,43
哩,2692,43
詈,2692,43
蒴,2692,43
鬣,2692,43
陟,2692,43
鴬,2692,43
榕,2692,43
蔗,2692,43
炫,2692,43
鹽,2692,43
氐,2692,43
瑭,2692,43
蕙,2692,43
艸,2692,43
榘,2692,43
潙,2692,43
鞮,2692,43
飡,2693,42
醫,2693,42
皖,2693,42
罐,2693,42
輳,2693,42
縊,2693,42
逵,2693,42
緘,2693,42
陞,2693,42
岷,2693,42
屬,2693,42
郯,2693,42
勱,2693,42
碌,2694,41
橇,2694,41
逡,2694,41
懋,2694,41
崚,2694,41
諄,2694,41
捐,2694,41
賁,2694,41
屎,2694,41
斛,2694,41
蛤,2694,41
华,2694,41
佚,2694,41
东,2694,41
皋,2694,41
琛,2694,41
柞,2694,41
僉,2694,41
荃,2694,41
郛,2694,41
觜,2695,40
蠅,2695,40
秣,2695,40
誣,2695,40
芻,2695,40
筥,2695,40
暹,2695,40
曄,2695,40
疸,2695,40
黨,2695,40
嶷,2695,40
孩,2695,40
妤,2695,40
帚,2695,40
巒,2695,40
鄂,2695,40
慾,2696,39
緞,2696,39
鼈,2696,39
刳,2696,39
俱,2696,39
轉,2696,39
甯,2696,39
拯,2696,39
嚮,2696,39
邽,2696,39
琨,2696,39
婕,2696,39
瀚,2696,39
栩,2697,38
憺,2697,38
穗,2697,38
鎗,2697,38
洽,2697,38
闢,2697,38
楨,2697,38
侘,2697,38
滿,2697,38
鯵,2697,38
銛,2697,38
嬲,2697,38
杮,2697,38
蜚,2697,38
莒,2697,38
珥,2697,38
掏,2698,37
儁,2698,37
梛,2698,37
稟,2698,37
繫,2698,37
攝,2698,37
鈷,2698,37
璉,2698,37
蜆,2698,37
淸,2698,37
瀟,2698,37
啼,2698,37
祜,2698,37
娑,2698,37
楮,2698,37
譴,2698,37
雕,2698,37
峪,2698,37
茘,2698,37
髻,2698,37
洮,2698,37
跗,2698,37
竃,2698,37
沮,2699,36
窘,2699,36
碼,2699,36
鄱,2699,36
枋,2699,36
鞋,2699,36
泓,2699,36
暘,2699,36
龗,2699,36
啜,2699,36
臈,2699,36
邴,2699,36
漲,2699,36
彤,2699,36
赛,2699,36
笄,2699,36
懌,2699,36
鋌,2699,36
淨,2700,35
甌,2700,35
兌,2700,35
簸,2700,35
簑,2700,35
訌,2700,35
譬,2700,35
歇,2700,35
溯,2700,35
廂,2700,35
晤,2700,35
亰,2700,35
瀘,2700,35
长,2700,35
熨,2700,35
价,2700,35
銖,2700,35
玫,2700,35
崧,2700,35
广,2700,35
哱,2700,35
厲,2701,34
醉,2701,34
恢,2701,34
萢,2701,34
衢,2701,34
濬,2701,34
沁,2701,34
誥,2701,34
鵯,2701,34
忖,2701,34
點,2701,34
砒,2701,34
黔,2701,34
乐,2701,34
爻,2701,34
辜,2701,34
蠡,2701,34
坏,2701,34
滇,2701,34
兔,2701,34
杲,2701,34
刘,2701,34
劭,2701,34
杂,2701,34
鰍,2702,33
綵,2702,33
仍,2702,33
忻,2702,33
詭,2702,33
簪,2702,33
瑣,2702,33
夔,2702,33
侭,2702,33
蠊,2702,33
釦,2702,33
隨,2702,33
犂,2703,32
禱,2703,32
矗,2703,32
擱,2703,32
筠,2703,32
韜,2703,32
衒,2703,32
稱,2703,32
旌,2703,32
烽,2703,32
洌,2703,32
辭,2703,32
叭,2703,32
邛,2703,32
愧,2703,32
箆,2703,32
沔,2703,32
佟,2703,32
麼,2703,32
舊,2703,32
寫,2703,32
磾,2703,32
晉,2703,32
珸,2703,32
姨,2703,32
嬴,2703,32
陈,2703,32
酈,2703,32
悰,2703,32
泯,2703,32
厓,2703,32
歐,2703,32
线,2703,32
抛,2703,32
嘀,2703,32
垪,2704,31
悴,2704,31
畸,2704,31
俶,2704,31
糜,2704,31
鏞,2704,31
栁,2704,31
誨,2704,31
烟,2704,31
张,2704,31
頡,2704,31
彎,2704,31
泛,2704,31
隗,2704,31
汕,2704,31
蘚,2704,31
蝗,2704,31
跏,2704,31
嫦,2704,31
彥,2704,31
氈,2704,31
朮,2704,31
獎,2705,30
淇,2705,30
歆,2705,30
呰,2705,30
蠱,2705,30
矣,2705,30
儼,2705,30
渟,2705,30
繞,2705,30
莎,2705,30
盒,2705,30
龜,2705,30
厝,2705,30
褄,2705,30
莚,2705,30
毖,2705,30
內,2705,30
业,2705,30
殯,2705,30
靚,2705,30
蝮,2705,30
墻,2705,30
渣,2706,29
侗,2706,29
鉅,2706,29
憔,2706,29
溟,2706,29
鮪,2706,29
壯,2706,29
迴,2706,29
舂,2706,29
頽,2706,29
炬,2706,29
滔,2706,29
琰,2706,29
簀,2706,29
夛,2706,29
梃,2706,29
歸,2706,29
璇,2706,29
倩,2706,29
輦,2706,29
岫,2706,29
冽,2706,29
蔬,2706,29
妍,2706,29
稍,2706,29
罕,2706,29
儺,2706,29
犢,2706,29
欖,2707,28
轡,2707,28
勛,2707,28
饕,2707,28
辦,2707,28
舳,2707,28
銕,2707,28
瑯,2707,28
癩,2707,28
鐐,2707,28
昵,2707,28
葫,2707,28
憊,2707,28
麴,2707,28
淄,2707,28
梠,2707,28
雯,2707,28
郗,2707,28
乭,2707,28
倅,2708,27
哪,2708,27
吒,2708,27
嫩,2708,27
乘,2708,27
晄,2708,27
從,2708,27
賴,2708,27
椹,2708,27
焜,2708,27
岨,2708,27
愃,2708,27
鵲,2708,27
聿,2708,27
﨟,2708,27
跛,2708,27
愿,2708,27
咨,2708,27
楸,2708,27
邃,2708,27
屹,2708,27
齲,2708,27
鵤,2708,27
愴,2708,27
扼,2708,27
淞,2708,27
郃,2708,27
筺,2708,27
縷,2708,27
廞,2708,27
佞,2709,26
糺,2709,26
貊,2709,26
蠟,2709,26
驥,2709,26
团,2709,26
愷,2709,26
燾,2709,26
砿,2709,26
灝,2709,26
詁,2709,26
餮,2709,26
雋,2709,26
皎,2709,26
閒,2709,26
痂,2709,26
檮,2709,26
僖,2709,26
誡,2709,26
呻,2709,26
蒟,2709,26
鰒,2709,26
雖,2709,26
弋,2709,26
綫,2709,26
婺,2709,26
顰,2709,26
霄,2709,26
梔,2709,26
熏,2709,26
场,2709,26
侂,2709,26
屆,2710,25
鞏,2710,25
袍,2710,25
銈,2710,25
羂,2710,25
橄,2710,25
單,2710,25
廳,2710,25
蟋,2710,25
璟,2710,25
說,2710,25
瑋,2710,25
聟,2710,25
庠,2710,25
恤,2710,25
查,2710,25
沅,2710,25
翦,2710,25
颪,2710,25
薀,2710,25
藷,2710,25
艮,2710,25
楞,2710,25
熕,2710,25
愈,2710,25
靑,2710,25
邳,2710,25
鈕,2710,25
袱,2710,25
筅,2710,25
阯,2710,25
爱,2710,25
匕,2710,25
鈺,2710,25
龙,2710,25
煜,2710,25
鍇,2710,25
嵓,2710,25
麁,2711,24
睫,2711,24
蟬,2711,24
爭,2711,24
錄,2711,24
跑,2711,24
鼬,2711,24
肄,2711,24
倧,2711,24
箍,2711,24
獪,2711,24
眈,2711,24
咒,2711,24
渙,2711,24
佶,2711,24
姆,2711,24
醴,2711,24
轅,2711,24
个,2711,24
囀,2711,24
顗,2711,24
韃,2711,24
鎔,2711,24
沽,2711,24
磬,2711,24
凞,2711,24
靺,2711,24
鞨,2711,24
縋,2711,24
琇,2711,24
溌,2711,24
朐,2711,24
汴,2711,24
鼐,2711,24
瘻,2711,24
騸,2711,24
雎,2711,24
淶,2711,24
頊,2711,24
縢,2711,24
栲,2712,23
銓,2712,23
徙,2712,23
黴,2712,23
讓,2712,23
瀨,2712,23
莊,2712,23
壜,2712,23
潅,2712,23
硲,2712,23
虱,2712,23
跌,2712,23
妲,2712,23
覯,2712,23
壢,2712,23
噫,2712,23
术,2712,23
巍,2712,23
车,2712,23
筌,2712,23
睺,2712,23
瀝,2712,23
奭,2712,23
袰,2712,23
閂,2712,23
鍈,2712,23
帙,2712,23
譙,2712,23
乍,2712,23
陂,2712,23
轆,2712,23
轤,2712,23
埕,2712,23
濮,2712,23
坎,2712,23
絋,2712,23
奐,2712,23
沒,2712,23
豁,2712,23
霓,2712,23
顥,2712,23
蹙,2712,23
釗,2712,23
兩,2713,22
險,2713,22
稻,2713,22
拂,2713,22
綠,2713,22
纈,2713,22
卞,2713,22
瞿,2713,22
蹉,2713,22
拱,2713,22
冏,2713,22
赭,2713,22
緝,2713,22
摠,2713,22
夥,2713,22
絁,2713,22
圍,2713,22
紂,2713,22
悛,2713,22
坩,2713,22
瞽,2713,22
魑,2713,22
苾,2713,22
塢,2713,22
蘿,2713,22
军,2713,22
扎,2713,22
濘,2713,22
逹,2713,22
弖,2713,22
迢,2713,22
稈,2713,22
閖,2713,22
冢,2713,22
瑰,2713,22
殤,2713,22
哄,2713,22
髯,2713,22
莇,2713,22
桒,2713,22
肚,2713,22
罃,2713,22
唹,2713,22
髱,2713,22
參,2714,21
佗,2714,21
峽,2714,21
步,2714,21
默,2714,21
棕,2714,21
歡,2714,21
涪,2714,21
絳,2714,21
湫,2714,21
梦,2714,21
懣,2714,21
麵,2714,21
儿,2714,21
貘,2714,21
蕁,2714,21
尔,2714,21
躱,2714,21
梳,2714,21
獠,2714,21
擂,2714,21
鬢,2714,21
亳,2714,21
牂,2714,21
羣,2714,21
踰,2714,21
釵,2714,21
僂,2714,21
懼,2714,21
膾,2714,21
懈,2714,21
膂,2714,21
駙,2714,21
顓,2714,21
鉃,2714,21
晗,2714,21
联,2714,21
爐,2714,21
饋,2714,21
囎,2714,21
蟯,2714,21
觴,2715,20
戶,2715,20
縒,2715,20
眸,2715,20
祿,2715,20
禪,2715,20
盜,2715,20
樣,2715,20
鬥,2715,20
阳,2715,20
廸,2715,20
驛,2715,20
莨,2715,20
弴,2715,20
棻,2715,20
闡,2715,20
燗,2715,20
垈,2715,20
紊,2715,20
烤,2715,20
时,2715,20
堝,2715,20
產,2715,20
謔,2715,20
椏,2715,20
侊,2715,20
猊,2715,20
尓,2715,20
鞬,2715,20
硤,2715,20
蒻,2715,20
蹠,2715,20
葆,2715,20
闓,2715,20
垓,2715,20
罗,2715,20
鐔,2715,20
哇,2715,20
动,2715,20
鷦,2715,20
蟖,2715,20
駢,2715,20
泮,2715,20
啤,2715,20
牘,2715,20
犮,2715,20
禺,2716,19
运,2716,19
萃,2716,19
檢,2716,19
奬,2716,19
覽,2716,19
刪,2716,19
疝,2716,19
纐,2716,19
俥,2716,19
厠,2716,19
魘,2716,19
莵,2716,19
膽,2716,19
榧,2716,19
颱,2716,19
汞,2716,19
傕,2716,19
汜,2716,19
筝,2716,19
昉,2716,19
曻,2716,19
鴒,2716,19
郿,2716,19
炅,2716,19
綋,2716,19
亶,2716,19
蚩,2716,19
迥,2716,19
鄉,2716,19
膺,2716,19
蒯,2716,19
妮,2716,19
訢,2716,19
园,2716,19
瘟,2716,19
么,2716,19
鷯,2716,19
电,2716,19
怕,2716,19
书,2716,19
犛,2716,19
决,2716,19
鶸,2716,19
歹,2716,19
昺,2716,19
驢,2717,18
吧,2717,18
悧,2717,18
收,2717,18
盡,2717,18
帶,2717,18
爸,2717,18
裃,2717,18
蚤,2717,18
剝,2717,18
埵,2717,18
壙,2717,18
縹,2717,18
陌,2717,18
箙,2717,18
鰤,2717,18
椴,2717,18
頷,2717,18
飩,2717,18
臙,2717,18
卬,2717,18
糯,2717,18
鐺,2717,18
羈,2717,18
酣,2717,18
嶮,2717,18
鑰,2717,18
芷,2717,18
瑙,2717,18
菘,2717,18
愔,2717,18
犍,2717,18
乂,2717,18
礬,2717,18
壟,2717,18
奶,2717,18
关,2717,18
掣,2717,18
㹨,2717,18
艱,2717,18
謖,2717,18
箟,2717,18
庖,2717,18
塼,2717,18
斷,2717,18
亟,2717,18
滘,2717,18
賚,2717,18
驩,2717,18
腮,2717,18
经,2717,18
鞜,2718,17
喊,2718,17
溫,2718,17
獸,2718,17
粹,2718,17
裝,2718,17
聽,2718,17
拔,2718,17
鵰,2718,17
鶻,2718,17
煇,2718,17
憙,2718,17
躋,2718,17
琿,2718,17
酥,2718,17
癡,2718,17
豈,2718,17
裵,2718,17
嗾,2718,17
煦,2718,17
滾,2718,17
视,2718,17
誂,2718,17
纜,2718,17
靫,2718,17
粮,2718,17
襤,2718,17
艙,2718,17
儔,2718,17
馭,2718,17
曷,2718,17
琺,2718,17
籏,2718,17
战,2718,17
踞,2718,17
棧,2718,17
鑒,2718,17
屡,2718,17
鑫,2718,17
擒,2718,17
迺,2718,17
鰾,2718,17
媧,2718,17
嶠,2718,17
狒,2718,17
麥,2718,17
曁,2718,17
鏖,2718,17
檳,2718,17
笊,2718,17
縺,2718,17
蔀,2718,17
摔,2718,17
曦,2718,17
亚,2718,17
焰,2719,16
穰,2719,16
醬,2719,16
搜,2719,16
彈,2719,16
諶,2719,16
兮,2719,16
胖,2719,16
俑,2719,16
誑,2719,16
涂,2719,16
璜,2719,16
墩,2719,16
縯,2719,16
鑚,2719,16
闖,2719,16
饂,2719,16
遐,2719,16
澂,2719,16
杻,2719,16
鬲,2719,16
鞴,2719,16
嗇,2719,16
鏢,2719,16
擅,2719,16
窖,2719,16
磡,2719,16
贇,2719,16
諤,2719,16
艪,2719,16
嵋,2719,16
㐂,2719,16
竑,2719,16
莘,2719,16
闐,2719,16
勗,2719,16
繩,2719,16
恬,2719,16
裨,2719,16
閬,2719,16
翎,2719,16
釼,2719,16
諳,2719,16
际,2719,16
竝,2719,16
莟,2719,16
头,2719,16
毋,2719,16
榔,2719,16
擇,2719,16
褸,2719,16
夲,2719,16
岌,2719,16
鑵,2719,16
鐚,2719,16
汉,2719,16
罔,2719,16
楪,2719,16
蟾,2719,16
偰,2719,16
雒,2720,15
竦,2720,15
戲,2720,15
驗,2720,15
晝,2720,15
鑄,2720,15
厖,2720,15
櫚,2720,15
贍,2720,15
衫,2720,15
湜,2720,15
舁,2720,15
鯏,2720,15
晢,2720,15
骰,2720,15
蝎,2720,15
蜉,2720,15
蝣,2720,15
红,2720,15
貔,2720,15
貅,2720,15
瓷,2720,15
马,2720,15
寥,2720,15
嘎,2720,15
藹,2720,15
瑟,2720,15
昕,2720,15
暐,2720,15
棱,2720,15
杆,2720,15
勞,2720,15
弯,2720,15
珖,2720,15
洱,2720,15
圣,2720,15
孛,2720,15
传,2720,15
詡,2720,15
鵝,2720,15
遹,2720,15
蒨,2720,15
发,2720,15
陘,2720,15
鉗,2720,15
漾,2720,15
掉,2720,15
墉,2720,15
暾,2720,15
歲,2720,15
鮓,2720,15
鑛,2720,15
魹,2720,15
蛻,2720,15
珎,2720,15
沭,2720,15
慚,2720,15
庯,2720,15
璩,2720,15
颸,2720,15
勺,2721,14
摑,2721,14
羚,2721,14
橫,2721,14
敍,2721,14
藥,2721,14
搖,2721,14
兰,2721,14
袷,2721,14
輕,2721,14
濰,2721,14
瀏,2721,14
档,2721,14
潯,2721,14
齮,2721,14
穽,2721,14
瓔,2721,14
燵,2721,14
沘,2721,14
囍,2721,14
莆,2721,14
懶,2721,14
劒,2721,14
咏,2721,14
瞋,2721,14
埤,2721,14
刄,2721,14
迩,2721,14
壤,2721,14
盥,2721,14
呀,2721,14
玟,2721,14
鏗,2721,14
樸,2721,14
门,2721,14
彠,2721,14
徧,2721,14
馆,2721,14
邙,2721,14
杨,2721,14
珣,2721,14
蓁,2721,14
茯,2721,14
讎,2721,14
廩,2721,14
蒹,2721,14
庆,2721,14
廢,2721,14
癲,2721,14
仟,2721,14
醂,2721,14
茛,2721,14
编,2721,14
礽,2721,14
镇,2721,14
吴,2721,14
絫,2721,14
釟,2722,13
眜,2722,13
騶,2722,13
棊,2722,13
毌,2722,13
懷,2722,13
擊,2722,13
迸,2722,13
旼,2722,13
朏,2722,13
筮,2722,13
觸,2722,13
瓣,2722,13
弇,2722,13
踝,2722,13
芍,2722,13
环,2722,13
睛,2722,13
璣,2722,13
蒡,2722,13
縻,2722,13
匱,2722,13
釆,2722,13
框,2722,13
襴,2722,13
惕,2722,13
吝,2722,13
莪,2722,13
鴟,2722,13
实,2722,13
珽,2722,13
璠,2722,13
牁,2722,13
语,2722,13
蒿,2722,13
树,2722,13
攬,2722,13
澍,2722,13
傴,2722,13
茱,2722,13
檍,2722,13
糒,2722,13
徭,2722,13
豨,2722,13
樒,2722,13
峒,2722,13
蚡,2722,13
甍,2722,13
覲,2722,13
閇,2722,13
郫,2722,13
岛,2722,13
苡,2722,13
找,2722,13
棉,2722,13
脉,2722,13
沾,2722,13
臻,2722,13
围,2722,13
佺,2722,13
栻,2722,13
强,2722,13
嘏,2722,13
枩,2722,13
垠,2722,13
维,2722,13
瑗,2722,13
荣,2722,13
艺,2722,13
錕,2722,13
樾,2722,13
凮,2722,13
琹,2722,13
俅,2723,12
謌,2723,12
俐,2723,12
鷄,2723,12
燒,2723,12
釀,2723,12
欝,2723,12
瑀,2723,12
繻,2723,12
胝,2723,12
埣,2723,12
螻,2723,12
翹,2723,12
辮,2723,12
黜,2723,12
瞠,2723,12
莅,2723,12
樑,2723,12
风,2723,12
拈,2723,12
蘄,2723,12
圩,2723,12
旃,2723,12
鞅,2723,12
滂,2723,12
栴,2723,12
梼,2723,12
唔,2723,12
潞,2723,12
泠,2723,12
筬,2723,12
煊,2723,12
谺,2723,12
紮,2723,12
冕,2723,12
抓,2723,12
畤,2723,12
篦,2723,12
开,2723,12
甬,2723,12
俚,2723,12
楙,2723,12
賾,2723,12
禑,2723,12
𠮷,2723,12
澈,2723,12
枹,2723,12
厰,2723,12
牆,2723,12
剿,2723,12
豺,2723,12
挖,2723,12
专,2723,12
异,2723,12
摧,2723,12
駮,2723,12
柁,2723,12
腟,2723,12
豕,2723,12
溷,2723,12
对,2723,12
軀,2723,12
鎩,2723,12
瀁,2723,12
笵,2723,12
痞,2723,12
斅,2723,12
慊,2723,12
圻,2723,12
縉,2723,12
檐,2723,12
篳,2723,12
篥,2723,12
郑,2723,12
轑,2723,12
鏈,2724,11
繼,2724,11
儋,2724,11
翩,2724,11
闥,2724,11
棈,2724,11
罌,2724,11
緖,2724,11
簞,2724,11
圈,2724,11
髮,2724,11
歷,2724,11
濂,2724,11
犁,2724,11
鑠,2724,11
暲,2724,11
覃,2724,11
趺,2724,11
縅,2724,11
磧,2724,11
塲,2724,11
忿,2724,11
虢,2724,11
歙,2724,11
釿,2724,11
刮,2724,11
濹,2724,11
湟,2724,11
狢,2724,11
霽,2724,11
汨,2724,11
寔,2724,11
牀,2724,11
瀆,2724,11
敕,2724,11
竭,2724,11
恃,2724,11
瘙,2724,11
硅,2724,11
澠,2724,11
樔,2724,11
癰,2724,11
慷,2724,11
葩,2724,11
拏,2724,11
蓜,2724,11
寰,2724,11
蹇,2724,11
蠖,2724,11
靏,2724,11
憮,2724,11
淪,2724,11
邠,2724,11
侖,2724,11
蚌,2724,11
耒,2724,11
优,2724,11
偸,2724,11
娛,2724,11
懊,2724,11
她,2724,11
仂,2724,11
杳,2724,11
灤,2724,11
噲,2724,11
茵,2724,11
鬧,2724,11
壓,2724,11
珏,2724,11
樞,2724,11
淦,2724,11
连,2724,11
誾,2724,11
辷,2724,11
鷂,2724,11
鱶,2724,11
熲,2724,11
臉,2724,11
鐶,2724,11
郅,2724,11
划,2724,11
婧,2724,11
兴,2724,11
阡,2724,11
朵,2724,11
昻,2724,11
緱,2724,11
彜,2724,11
蹼,2724,11
眭,2724,11
礙,2725,10
豬,2725,10
狹,2725,10
增,2725,10
每,2725,10
瘞,2725,10
寐,2725,10
枦,2725,10
寞,2725,10
觚,2725,10
赧,2725,10
渢,2725,10
閦,2725,10
册,2725,10
謫,2725,10
漪,2725,10
莖,2725,10
颶,2725,10
磚,2725,10
隺,2725,10
倡,2725,10
邲,2725,10
聆,2725,10
隲,2725,10
喱,2725,10
闔,2725,10
耘,2725,10
桴,2725,10
搏,2725,10
軼,2725,10
佰,2725,10
鰌,2725,10
悋,2725,10
嘛,2725,10
岔,2725,10
擡,2725,10
囉,2725,10
橅,2725,10
们,2725,10
蕷,2725,10
焯,2725,10
璿,2725,10
鷸,2725,10
薈,2725,10
鬮,2725,10
滌,2725,10
噪,2725,10
龖,2725,10
蜩,2725,10
靼,2725,10
誄,2725,10
陋,2725,10
郇,2725,10
廚,2725,10
騫,2725,10
蹲,2725,10
硏,2725,10
刁,2725,10
丐,2725,10
唵,2725,10
鸕,2725,10
絮,2725,10
埓,2725,10
懂,2725,10
选,2725,10
薭,2725,10
煞,2725,10
烺,2725,10
员,2725,10
别,2725,10
窿,2725,10
詧,2725,10
规,2725,10
蜒,2725,10
紲,2725,10
伟,2725,10
驀,2725,10
釛,2725,10
孺,2725,10
报,2725,10
頰,2725,10
僵,2725,10
橡,2725,10
姞,2725,10
农,2725,10
丿,2725,10
蠑,2725,10
锦,2725,10
韩,2725,10
蓝,2725,10
藕,2725,10
璡,2725,10
壎,2725,10
僦,2725,10
洺,2726,9
驒,2726,9
吞,2726,9
拜,2726,9
晚,2726,9
祕,2726,9
矍,2726,9
幷,2726,9
笮,2726,9
澀,2726,9
愨,2726,9
茌,2726,9
軫,2726,9
獻,2726,9
蘐,2726,9
记,2726,9
桀,2726,9
弍,2726,9
凤,2726,9
孙,2726,9
罘,2726,9
鰲,2726,9
淤,2726,9
间,2726,9
硼,2726,9
黽,2726,9
糕,2726,9
帕,2726,9
黟,2726,9
澧,2726,9
兊,2726,9
斟,2726,9
忱,2726,9
闞,2726,9
夘,2726,9
鯤,2726,9
囂,2726,9
鱸,2726,9
澮,2726,9
豳,2726,9
鄯,2726,9
槊,2726,9
笞,2726,9
瘧,2726,9
络,2726,9
髦,2726,9
蕤,2726,9
鯀,2726,9
嗄,2726,9
笋,2726,9
徑,2726,9
标,2726,9
瑄,2726,9
师,2726,9
邾,2726,9
仿,2726,9
嵊,2726,9
杦,2726,9
靉,2726,9
箝,2726,9
嚙,2726,9
热,2726,9
瀍,2726,9
梭,2726,9
濶,2726,9
湣,2726,9
薏,2726,9
絽,2726,9
貓,2726,9
罡,2726,9
蹶,2726,9
银,2726,9
总,2726,9
焱,2726,9
务,2726,9
轨,2726,9
薁,2726,9
氓,2726,9
蘗,2726,9
鄢,2726,9
簧,2726,9
邓,2726,9
瘋,2726,9
药,2726,9
嬀,2726,9
泽,2726,9
况,2726,9
频,2726,9
杤,2726,9
枉,2726,9
鉏,2726,9
祆,2726,9
齒,2726,9
倬,2726,9
苳,2726,9
屛,2726,9
旽,2726,9
廐,2726,9
麂,2726,9
许,2726,9
魋,2726,9
橪,2726,9
蜑,2727,8
狆,2727,8
吶,2727,8
赵,2727,8
碎,2727,8
淚,2727,8
姬,2727,8
鑲,2727,8
惲,2727,8
㓛,2727,8
諛,2727,8
諂,2727,8
杙,2727,8
曵,2727,8
貮,2727,8
靠,2727,8
呎,2727,8
嵬,2727,8
栫,2727,8
坌,2727,8
輒,2727,8
扯,2727,8
鬻,2727,8
眾,2727,8
妣,2727,8
孰,2727,8
絓,2727,8
货,2727,8
咖,2727,8
壻,2727,8
仭,2727,8
韭,2727,8
禔,2727,8
醱,2727,8
鶺,2727,8
蚯,2727,8
灑,2727,8
喃,2727,8
剳,2727,8
盩,2727,8
厔,2727,8
䴥,2727,8
岻,2727,8
鵑,2727,8
盎,2727,8
绍,2727,8
豎,2727,8
问,2727,8
讖,2727,8
擧,2727,8
拇,2727,8
鍜,2727,8
它,2727,8
謾,2727,8
丰,2727,8
囊,2727,8
萸,2727,8
瓠,2727,8
卅,2727,8
艫,2727,8
兢,2727,8
媞,2727,8
佝,2727,8
隱,2727,8
乕,2727,8
浿,2727,8
肜,2727,8
驎,2727,8
袿,2727,8
倻,2727,8
舖,2727,8
郄,2727,8
幄,2727,8
餢,2727,8
飳,2727,8
貳,2727,8
廮,2727,8
皷,2727,8
苏,2727,8
尕,2727,8
溱,2727,8
笶,2727,8
户,2727,8
嚶,2727,8
翺,2727,8
闌,2727,8
怎,2727,8
囿,2727,8
击,2727,8
飞,2727,8
媼,2727,8
鄕,2727,8
擺,2727,8
鄜,2727,8
计,2727,8
覿,2727,8
侚,2727,8
䚟,2727,8
啦,2727,8
请,2727,8
粳,2727,8
綰,2727,8
图,2727,8
偐,2727,8
畯,2727,8
齕,2727,8
鑾,2727,8
纪,2727,8
跫,2727,8
俾,2727,8
廨,2727,8
擎,2727,8
臏,2727,8
偁,2727,8
纓,2727,8
纛,2727,8
裙,2727,8
鄆,2727,8
圷,2727,8
撝,2727,8
伜,2727,8
边,2727,8
宁,2727,8
嚳,2727,8
錺,2727,8
傉,2727,8
儛,2727,8
獙,2727,8
幺,2727,8
牋,2727,8
襠,2727,8
挹,2728,7
珮,2728,7
鱧,2728,7
縱,2728,7
疊,2728,7
瘦,2728,7
壘,2728,7
蟀,2728,7
鴣,2728,7
蛄,2728,7
从,2728,7
鋠,2728,7
晳,2728,7
凖,2728,7
睥,2728,7
憍,2728,7
姊,2728,7
玕,2728,7
薑,2728,7
鹼,2728,7
癤,2728,7
謇,2728,7
罩,2728,7
裘,2728,7
龢,2728,7
售,2728,7
螭,2728,7
篶,2728,7
蚓,2728,7
逄,2728,7
爰,2728,7
佯,2728,7
汧,2728,7
弈,2728,7
鏤,2728,7
妳,2728,7
檔,2728,7
蒂,2728,7
孑,2728,7
璞,2728,7
嫻,2728,7
侏,2728,7
淝,2728,7
幔,2728,7
鑪,2728,7
耙,2728,7
带,2728,7
簽,2728,7
粱,2728,7
玳,2728,7
粢,2728,7
汛,2728,7
禛,2728,7
艋,2728,7
舺,2728,7
賨,2728,7
娡,2728,7
塒,2728,7
舸,2728,7
燔,2728,7
圦,2728,7
搩,2728,7
搔,2728,7
忉,2728,7
级,2728,7
罅,2728,7
磻,2728,7
捶,2728,7
菏,2728,7
陔,2728,7
菇,2728,7
苹,2728,7
秭,2728,7
醪,2728,7
坳,2728,7
瘀,2728,7
霙,2728,7
惶,2728,7
酛,2728,7
瓮,2728,7
潢,2728,7
儻,2728,7
鎰,2728,7
柗,2728,7
貉,2728,7
资,2728,7
筱,2728,7
蓓,2728,7
岁,2728,7
娚,2728,7
诞,2728,7
谢,2728,7
咺,2728,7
悄,2728,7
衽,2728,7
殘,2728,7
慥,2728,7
办,2728,7
粵,2728,7
杠,2728,7
羋,2728,7
气,2728,7
贊,2728,7
疥,2728,7
简,2728,7
统,2728,7
闻,2728,7
节,2728,7
琫,2728,7
埈,2728,7
樘,2728,7
嫄,2728,7
禖,2728,7
綦,2728,7
喙,2728,7
嫗,2728,7
怙,2728,7
擶,2728,7
嶬,2728,7
讯,2728,7
亂,2728,7
剡,2728,7
齡,2728,7
璝,2728,7
腦,2728,7
匏,2728,7
麋,2728,7
瓩,2728,7
籀,2729,6
匄,2729,6
簱,2729,6
簠,2729,6
簋,2729,6
蝱,2729,6
顚,2729,6
價,2729,6
涉,2729,6
狀,2729,6
騷,2729,6
爨,2729,6
芩,2729,6
醋,2729,6
鉚,2729,6
见,2729,6
领,2729,6
脯,2729,6
銷,2729,6
獗,2729,6
婬,2729,6
愰,2729,6
噸,2729,6
熬,2729,6
仝,2729,6
遏,2729,6
戛,2729,6
沱,2729,6
殃,2729,6
珞,2729,6
徸,2729,6
崍,2729,6
滨,2729,6
匋,2729,6
藜,2729,6
薌,2729,6
昀,2729,6
屢,2729,6
鼇,2729,6
畧,2729,6
桥,2729,6
擴,2729,6
勐,2729,6
佬,2729,6
县,2729,6
鄶,2729,6
馘,2729,6
衑,2729,6
俤,2729,6
您,2729,6
产,2729,6
篪,2729,6
娱,2729,6
蓆,2729,6
騭,2729,6
蝴,2729,6
诗,2729,6
暨,2729,6
癆,2729,6
蘖,2729,6
义,2729,6
槁,2729,6
卫,2729,6
簣,2729,6
璦,2729,6
隸,2729,6
嵆,2729,6
黝,2729,6
窕,2729,6
戩,2729,6
枘,2729,6
枸,2729,6
詒,2729,6
炘,2729,6
汤,2729,6
荔,2729,6
扣,2729,6
垜,2729,6
檠,2729,6
斫,2729,6
踢,2729,6
乡,2729,6
玹,2729,6
濛,2729,6
糫,2729,6
薹,2729,6
酺,2729,6
嫂,2729,6
掎,2729,6
雩,2729,6
鬪,2729,6
芎,2729,6
鵙,2729,6
啾,2729,6
悖,2729,6
覩,2729,6
駛,2729,6
涬,2729,6
喞,2729,6
玛,2729,6
乢,2729,6
啞,2729,6
变,2729,6
勰,2729,6
调,2729,6
鉇,2729,6
鶫,2729,6
豌,2729,6
𥝱,2729,6
榷,2729,6
说,2729,6
为,2729,6
综,2729,6
吁,2729,6
估,2729,6
姍,2729,6
哆,2729,6
輅,2729,6
蚶,2729,6
簫,2729,6
宓,2729,6
戡,2729,6
蓀,2729,6
陬,2729,6
燊,2729,6
桎,2729,6
梏,2729,6
湮,2729,6
姝,2729,6
訖,2729,6
麑,2729,6
锡,2729,6
鍉,2729,6
螘,2729,6
伷,2729,6
勸,2729,6
黼,2729,6
軣,2729,6
噓,2729,6
贝,2729,6
諝,2729,6
欹,2729,6
珵,2729,6
慫,2729,6
慂,2729,6
寚,2729,6
箐,2729,6
鈦,2729,6
启,2729,6
腾,2729,6
墅,2729,6
旒,2729,6
队,2729,6
旿,2729,6
弢,2729,6
鎹,2729,6
鸇,2729,6
珙,2729,6
僮,2729,6
夋,2729,6
睒,2729,6
黶,2729,6
婠,2729,6
栜,2729,6
璵,2730,5
璘,2730,5
吋,2730,5
潑,2730,5
橐,2730,5
凯,2730,5
输,2730,5
薰,2730,5
孃,2730,5
臟,2730,5
謠,2730,5
薤,2730,5
塡,2730,5
厂,2730,5
璆,2730,5
耨,2730,5
侫,2730,5
譫,2730,5
碆,2730,5
幫,2730,5
峩,2730,5
梍,2730,5
猖,2730,5
髀,2730,5
佻,2730,5
粽,2730,5
扭,2730,5
挂,2730,5
腥,2730,5
椥,2730,5
瘠,2730,5
腆,2730,5
絕,2730,5
瑫,2730,5
忩,2730,5
蔘,2730,5
淅,2730,5
芿,2730,5
玦,2730,5
垰,2730,5
膩,2730,5
挪,2730,5
灃,2730,5
劼,2730,5
约,2730,5
懦,2730,5
禩,2730,5
犇,2730,5
鈸,2730,5
殭,2730,5
獵,2730,5
蟆,2730,5
枌,2730,5
繃,2730,5
葷,2730,5
插,2730,5
逾,2730,5
鯎,2730,5
痤,2730,5
澶,2730,5
捄,2730,5
毟,2730,5
椨,2730,5
榻,2730,5
隂,2730,5
謦,2730,5
咪,2730,5
氛,2730,5
淩,2730,5
囧,2730,5
㯖,2730,5
勣,2730,5
爀,2730,5
鶲,2730,5
灵,2730,5
漯,2730,5
蹤,2730,5
应,2730,5
胜,2730,5
贸,2730,5
顏,2730,5
苴,2730,5
达,2730,5
览,2730,5
玥,2730,5
驊,2730,5
旂,2730,5
蹈,2730,5
碭,2730,5
营,2730,5
勵,2730,5
码,2730,5
俩,2730,5
鄖,2730,5
鶚,2730,5
跣,2730,5
鶿,2730,5
鴃,2730,5
渺,2730,5
酆,2730,5
鞣,2730,5
桙,2730,5
蜈,2730,5
蚣,2730,5
唎,2730,5
翆,2730,5
题,2730,5
崁,2730,5
刕,2730,5
杀,2730,5
驻,2730,5
狷,2730,5
巂,2730,5
撻,2730,5
溧,2730,5
鄞,2730,5
职,2730,5
鼾,2730,5
旹,2730,5
冄,2730,5
觉,2730,5
辉,2730,5
忞,2730,5
萓,2730,5
寤,2730,5
湃,2730,5
蓽,2730,5
槰,2730,5
滁,2730,5
淼,2730,5
睹,2730,5
霑,2730,5
协,2730,5
话,2730,5
畡,2730,5
樉,2730,5
琚,2730,5
埇,2730,5
樨,2730,5
醯,2730,5
蠶,2730,5
鷁,2730,5
蠧,2730,5
襍,2730,5
脘,2730,5
跟,2730,5
粄,2730,5
冯,2730,5
忰,2730,5
痿,2730,5
檉,2730,5
试,2730,5
盔,2730,5
炻,2730,5
复,2730,5
潛,2730,5
擔,2730,5
巠,2730,5
乌,2730,5
藐,2730,5
拆,2730,5
涓,2730,5
泝,2730,5
洄,2730,5
涡,2730,5
鳰,2730,5
忒,2730,5
暄,2730,5
壠,2730,5
俔,2730,5
严,2730,5
頠,2730,5
舰,2730,5
姒,2730,5
弭,2730,5
翕,2730,5
羕,2730,5
剔,2730,5
絇,2730,5
奖,2730,5
粿,2730,5
鋹,2730,5
钟,2730,5
谭,2730,5
荅,2730,5
笨,2730,5
劦,2730,5
鵮,2730,5
蟜,2730,5
綛,2730,5
礀,2730,5
攽,2730,5
罨,2730,5
榁,2730,5
鏦,2730,5
紵,2731,4
緇,2731,4
郟,2731,4
鮠,2731,4
姁,2731,4
荖,2731,4
孱,2731,4
緣,2731,4
壞,2731,4
僞,2731,4
儉,2731,4
巢,2731,4
徵,2731,4
鍊,2731,4
穉,2731,4
呍,2731,4
昤,2731,4
宀,2731,4
权,2731,4
屭,2731,4
鏐,2731,4
瑆,2731,4
抬,2731,4
庬,2731,4
惻,2731,4
絛,2731,4
奝,2731,4
遘,2731,4
孁,2731,4
鐳,2731,4
碣,2731,4
夸,2731,4
祛,2731,4
㔟,2731,4
疔,2731,4
袞,2731,4
蜍,2731,4
臑,2731,4
銹,2731,4
鈐,2731,4
捍,2731,4
拄,2731,4
堊,2731,4
蠻,2731,4
坨,2731,4
嬶,2731,4
歟,2731,4
耄,2731,4
恙,2731,4
銙,2731,4
囓,2731,4
驅,2731,4
叺,2731,4
疳,2731,4
众,2731,4
迤,2731,4
扒,2731,4
嚈,2731,4
噠,2731,4
諚,2731,4
炡,2731,4
岢,2731,4
璈,2731,4
婀,2731,4
秡,2731,4
鏘,2731,4
魴,2731,4
蹋,2731,4
簇,2731,4
鳧,2731,4
瓛,2731,4
臾,2731,4
聃,2731,4
裒,2731,4
蓙,2731,4
暕,2731,4
悝,2731,4
盼,2731,4
諗,2731,4
崕,2731,4
蟈,2731,4
验,2731,4
楜,2731,4
堃,2731,4
劻,2731,4
蕈,2731,4
碚,2731,4
驰,2731,4
碰,2731,4
层,2731,4
鲜,2731,4
羡,2731,4
偷,2731,4
煲,2731,4
獐,2731,4
嫣,2731,4
綉,2731,4
坵,2731,4
冝,2731,4
遯,2731,4
恶,2731,4
齣,2731,4
秧,2731,4
嶂,2731,4
瘁,2731,4
浠,2731,4
汇,2731,4
腳,2731,4
綢,2731,4
褫,2731,4
荐,2731,4
鰰,2731,4
缸,2731,4
鄔,2731,4
暻,2731,4
榭,2731,4
栱,2731,4
湄,2731,4
霨,2731,4
碳,2731,4
鰄,2731,4
鬩,2731,4
駻,2731,4
瞎,2731,4
创,2731,4
籙,2731,4
仆,2731,4
跤,2731,4
涮,2731,4
鏨,2731,4
囘,2731,4
蝟,2731,4
邡,2731,4
瑢,2731,4
魈,2731,4
鬯,2731,4
鐃,2731,4
輟,2731,4
畊,2731,4
衜,2731,4
设,2731,4
艷,2731,4
蚰,2731,4
远,2731,4
很,2731,4
护,2731,4
嫋,2731,4
賡,2731,4
鄫,2731,4
组,2731,4
晙,2731,4
苣,2731,4
抔,2731,4
麯,2731,4
亲,2731,4
澔,2731,4
擽,2731,4
潽,2731,4
尅,2731,4
淙,2731,4
轂,2731,4
盱,2731,4
鑅,2731,4
枪,2731,4
欢,2731,4
媄,2731,4
鮴,2731,4
杬,2731,4
须,2731,4
鴿,2731,4
佘,2731,4
甎,2731,4
廌,2731,4
蠹,2731,4
冩,2731,4
燉,2731,4
琕,2731,4
馛,2731,4
鰕,2731,4
耜,2731,4
剧,2731,4
读,2731,4
灞,2731,4
澡,2731,4
膊,2731,4
儷,2731,4
柬,2731,4
媺,2731,4
抦,2731,4
秕,2731,4
覓,2731,4
羇,2731,4
墊,2731,4
畋,2731,4
卆,2731,4
历,2731,4
濞,2731,4
圜,2731,4
勍,2731,4
黿,2731,4
覈,2731,4
齐,2731,4
潺,2731,4
陜,2731,4
剑,2731,4
塋,2731,4
皴,2731,4
媖,2731,4
駘,2731,4
騅,2731,4
钧,2731,4
勋,2731,4
辑,2731,4
豔,2731,4
禟,2731,4
聵,2731,4
摇,2731,4
寉,2731,4
貽,2731,4
珺,2731,4
吕,2731,4
萧,2731,4
咧,2731,4
婪,2731,4
伉,2731,4
𤭯,2731,4
嗎,2731,4
鶂,2731,4
騁,2731,4
藔,2731,4
籛,2731,4
橦,2731,4
胛,2731,4
鬓,2731,4
鼉,2731,4
倔,2731,4
瑝,2731,4
晥,2731,4
泫,2731,4
毳,2731,4
絺,2731,4
软,2732,3
孽,2732,3
鰂,2732,3
懍,2732,3
渴,2732,3
陷,2732,3
虛,2732,3
揭,2732,3
濕,2732,3
寢,2732,3
纖,2732,3
鷭,2732,3
鷓,2732,3
黐,2732,3
隶,2732,3
芫,2732,3
巵,2732,3
蒭,2732,3
渲,2732,3
恊,2732,3
旲,2732,3
蔕,2732,3
韦,2732,3
擯,2732,3
咚,2732,3
佖,2732,3
畺,2732,3
糝,2732,3
肓,2732,3
𣗄,2732,3
飆,2732,3
凩,2732,3
搶,2732,3
狎,2732,3
獒,2732,3
盦,2732,3
𡈽,2732,3
样,2732,3
洼,2732,3
咁,2732,3
閹,2732,3
袠,2732,3
仞,2732,3
壑,2732,3
釭,2732,3
鉊,2732,3
膃,2732,3
肭,2732,3
菠,2732,3
瘭,2732,3
榲,2732,3
秬,2732,3
棭,2732,3
鯡,2732,3
跎,2732,3
𦚰,2732,3
冼,2732,3
頫,2732,3
滏,2732,3
袒,2732,3
鸡,2732,3
栒,2732,3
疃,2732,3
论,2732,3
咱,2732,3
鱏,2732,3
燋,2732,3
轔,2732,3
寻,2732,3
鱝,2732,3
僥,2732,3
濼,2732,3
碉,2732,3
馼,2732,3
疯,2732,3
碾,2732,3
晷,2732,3
鈊,2732,3
瀷,2732,3
閿,2732,3
洟,2732,3
讚,2732,3
适,2732,3
贓,2732,3
魳,2732,3
埖,2732,3
眄,2732,3
瑱,2732,3
惊,2732,3
纯,2732,3
埗,2732,3
陆,2732,3
鯽,2732,3
禨,2732,3
鯊,2732,3
仑,2732,3
曩,2732,3
胅,2732,3
呷,2732,3
叻,2732,3
瓫,2732,3
騾,2732,3
崆,2732,3
薺,2732,3
繧,2732,3
繝,2732,3
壒,2732,3
螳,2732,3
螃,2732,3
蓊,2732,3
抖,2732,3
摶,2732,3
覘,2732,3
犰,2732,3
碵,2732,3
衲,2732,3
惱,2732,3
釤,2732,3
峮,2732,3
黻,2732,3
孳,2732,3
鯢,2732,3
骶,2732,3
勻,2732,3
萨,2732,3
醵,2732,3
傻,2732,3
磴,2732,3
遒,2732,3
砭,2732,3
癿,2732,3
逖,2732,3
汭,2732,3
櫁,2732,3
鯔,2732,3
仚,2732,3
浟,2732,3
蹦,2732,3
庙,2732,3
痲,2732,3
碟,2732,3
虓,2732,3
黯,2732,3
丝,2732,3
绸,2732,3
詵,2732,3
霏,2732,3
澆,2732,3
牓,2732,3
观,2732,3
崛,2732,3
瀦,2732,3
韞,2732,3
邮,2732,3
嶧,2732,3
垤,2732,3
據,2732,3
鄠,2732,3
瘂,2732,3
撣,2732,3
旮,2732,3
螣,2732,3
蝨,2732,3
礩,2732,3
险,2732,3
饑,2732,3
熒,2732,3
摆,2732,3
墬,2732,3
糲,2732,3
巓,2732,3
祊,2732,3
苕,2732,3
瘣,2732,3
煖,2732,3
柒,2732,3
駼,2732,3
芾,2732,3
駟,2732,3
铃,2732,3
顾,2732,3
譏,2732,3
歂,2732,3
织,2732,3
髓,2732,3
瀰,2732,3
欑,2732,3
觔,2732,3
凭,2732,3
蹕,2732,3
錞,2732,3
靗,2732,3
烧,2732,3
现,2732,3
踐,2732,3
肸,2732,3
嫐,2732,3
鉸,2732,3
驁,2732,3
鲁,2732,3
让,2732,3
嬛,2732,3
鮟,2732,3
鱇,2732,3
眙,2732,3
芃,2732,3
廁,2732,3
滷,2732,3
态,2732,3
值,2732,3
详,2732,3
圆,2732,3
镜,2732,3
赡,2732,3
养,2732,3
棡,2732,3
椽,2732,3
棵,2732,3
竒,2732,3
鑴,2732,3
曬,2732,3
釁,2732,3
甃,2732,3
軕,2732,3
踈,2732,3
竊,2732,3
财,2732,3
卨,2732,3
撩,2732,3
昞,2732,3
椪,2732,3
燜,2732,3
伦,2732,3
费,2732,3
嚭,2732,3
锐,2732,3
鈹,2732,3
埭,2732,3
陕,2732,3
滻,2732,3
悆,2732,3
膓,2732,3
𠮟,2732,3
敻,2732,3
鰔,2732,3
虵,2732,3
貲,2732,3
㮙,2732,3
鉎,2732,3
犒,2732,3
祏,2732,3
评,2732,3
页,2732,3
沪,2732,3
进,2732,3
济,2732,3
湓,2732,3
傈,2732,3
僳,2732,3
拖,2732,3
朓,2732,3
尧,2732,3
结,2732,3
柢,2732,3
晡,2732,3
桌,2732,3
倢,2732,3
挈,2732,3
贺,2732,3
纍,2732,3
垵,2732,3
窋,2732,3
玃,2732,3
漓,2732,3
陲,2732,3
洧,2732,3
掄,2732,3
閆,2732,3
胭,2732,3
婭,2732,3
鋕,2732,3
遗,2732,3
烘,2732,3
菽,2732,3
尬,2732,3
鐫,2732,3
忸,2732,3
怩,2732,3
湳,2732,3
焏,2732,3
瘕,2732,3
鵩,2732,3
诚,2732,3
鎺,2732,3
籰,2732,3
崴,2732,3
妈,2732,3
丽,2732,3
娍,2732,3
毣,2732,3
攤,2732,3
趕,2732,3
洨,2732,3
枰,2732,3
习,2732,3
纳,2732,3
磺,2732,3
拟,2732,3
沉,2732,3
搞,2732,3
窗,2732,3
鎏,2732,3
润,2732,3
刚,2732,3
泱,2732,3
忝,2732,3
迨,2732,3
篮,2732,3
绿,2732,3
囷,2732,3
苩,2732,3
觮,2732,3
鰆,2732,3
辵,2732,3
辶,2732,3
琊,2732,3
哼,2732,3
墘,2732,3
碡,2732,3
鳲,2732,3
戢,2732,3
离,2732,3
譁,2732,3
獬,2732,3
豸,2732,3
嫽,2732,3
徯,2732,3
𣘺,2732,3
姸,2732,3
皰,2732,3
纘,2732,3
㥄,2732,3
錶,2732,3
嶢,2732,3
鴌,2732,3
岾,2732,3
鈚,2732,3
鍑,2732,3
糘,2732,3
恠,2732,3
罧,2732,3
薜,2732,3
覡,2732,3
帑,2732,3
欟,2732,3
俀,2732,3
獢,2732,3
櫲,2732,3
縶,2732,3
絙,2732,3
滚,2732,3
圉,2733,2
蕕,2733,2
薉,2733,2
頎,2733,2
狖,2733,2
剩,2733,2
卽,2733,2
滯,2733,2
曆,2733,2
趁,2733,2
噤,2733,2
熄,2733,2
窰,2733,2
玨,2733,2
紱,2733,2
丫,2733,2
侄,2733,2
肀,2733,2
肅,2733,2
徉,2733,2
虺,2733,2
漼,2733,2
偓,2733,2
鬴,2733,2
蕺,2733,2
聨,2733,2
戏,2733,2
柠,2733,2
拺,2733,2
磅,2733,2
鯒,2733,2
釻,2733,2
菸,2733,2
冐,2733,2
愙,2733,2
繒,2733,2
饼,2733,2
榿,2733,2
簎,2733,2
梐,2733,2
玷,2733,2
撅,2733,2
蓚,2733,2
麌,2733,2
栟,2733,2
玘,2733,2
訇,2733,2
藎,2733,2
丱,2733,2
遲,2733,2
慙,2733,2
綯,2733,2
桷,2733,2
訾,2733,2
厶,2733,2
荳,2733,2
騖,2733,2
眯,2733,2
潾,2733,2
鱊,2733,2
魞,2733,2
蟑,2733,2
曱,2733,2
甴,2733,2
傣,2733,2
驫,2733,2
繳,2733,2
怏,2733,2
獼,2733,2
駑,2733,2
轀,2733,2
亅,2733,2
屶,2733,2
顿,2733,2
崞,2733,2
贤,2733,2
豭,2733,2
恟,2733,2
鼯,2733,2
橤,2733,2
尟,2733,2
輾,2733,2
珌,2733,2
旡,2733,2
褰,2733,2
酃,2733,2
豢,2733,2
辈,2733,2
儇,2733,2
秞,2733,2
熺,2733,2
牠,2733,2
佢,2733,2
茣,2733,2
銶,2733,2
巿,2733,2
訽,2733,2
綁,2733,2
盘,2733,2
鷽,2733,2
橖,2733,2
单,2733,2
泜,2733,2
隰,2733,2
撛,2733,2
溏,2733,2
夠,2733,2
呢,2733,2
蔻,2733,2
櫞,2733,2
弸,2733,2
嫖,2733,2
淏,2733,2
冻,2733,2
蜊,2733,2
瀇,2733,2
蜓,2733,2
呱,2733,2
询,2733,2
篾,2733,2
擻,2733,2
浰,2733,2
洑,2733,2
壋,2733,2
鍰,2733,2
狳,2733,2
憕,2733,2
诺,2733,2
糅,2733,2
霎,2733,2
龝,2733,2
俏,2733,2
羔,2733,2
讞,2733,2
娣,2733,2
膅,2733,2
腊,2733,2
槮,2733,2
楉,2733,2
譞,2733,2
潚,2733,2
耍,2733,2
穌,2733,2
蜢,2733,2
鷥,2733,2
咕,2733,2
蒗,2733,2
给,2733,2
郜,2733,2
鄡,2733,2
躄,2733,2
胯,2733,2
饊,2733,2
餛,2733,2
埡,2733,2
歔,2733,2
碶,2733,2
鶩,2733,2
鞦,2733,2
韆,2733,2
酱,2733,2
耋,2733,2
朖,2733,2
㐌,2733,2
鼡,2733,2
鵆,2733,2
筲,2733,2
贑,2733,2
凕,2733,2
陡,2733,2
脫,2733,2
陁,2733,2
𩸽,2733,2
逌,2733,2
枓,2733,2
邗,2733,2
嫪,2733,2
毐,2733,2
咼,2733,2
钢,2733,2
醢,2733,2
鷀,2733,2
髠,2733,2
响,2733,2
㘫,2733,2
啸,2733,2
捥,2733,2
詇,2733,2
菉,2733,2
耦,2733,2
嶍,2733,2
鸛,2733,2
荫,2733,2
簍,2733,2
审,2733,2
淯,2733,2
毕,2733,2
蓯,2733,2
荽,2733,2
茴,2733,2
軺,2733,2
卣,2733,2
邌,2733,2
殼,2733,2
鶎,2733,2
僘,2733,2
㶟,2733,2
晛,2733,2
螽,2733,2
吿,2733,2
鷳,2733,2
蠃,2733,2
嶪,2733,2
补,2733,2
拥,2733,2
遫,2733,2
亹,2733,2
棫,2733,2
賰,2733,2
柜,2733,2
鉀,2733,2
乒,2733,2
乓,2733,2
杋,2733,2
鋀,2733,2
蛽,2733,2
鍚,2733,2
莕,2733,2
鈀,2733,2
萣,2733,2
儈,2733,2
昫,2733,2
犴,2733,2
儞,2733,2
污,2733,2
荜,2733,2
䄂,2733,2
捴,2733,2
盌,2733,2
瞱,2733,2
鄚,2733,2
艃,2733,2
襯,2733,2
駰,2733,2
塱,2733,2
篷,2733,2
乩,2733,2
轻,2733,2
慘,2733,2
椌,2733,2
慵,2733,2
矿,2733,2
译,2733,2
另,2733,2
鲸,2733,2
扰,2733,2
皂,2733,2
佔,2733,2
鄺,2733,2
峭,2733,2
坰,2733,2
騮,2733,2
栐,2733,2
淕,2733,2
姣,2733,2
璨,2733,2
昰,2733,2
轎,2733,2
揀,2733,2
坧,2733,2
袳,2733,2
錙,2733,2
侦,2733,2
詝,2733,2
哦,2733,2
滃,2733,2
鷟,2733,2
澣,2733,2
皶,2733,2
隹,2733,2
荑,2733,2
燴,2733,2
糍,2733,2
浯,2733,2
璫,2733,2
稹,2733,2
糶,2733,2
犖,2733,2
墙,2733,2
晣,2733,2
饭,2733,2
墀,2733,2
憨,2733,2
樱,2733,2
鑱,2733,2
璅,2733,2
鸣,2733,2
鏜,2733,2
憸,2733,2
嫺,2733,2
巋,2733,2
甪,2733,2
壼,2733,2
疚,2733,2
礄,2733,2
丗,2733,2
幉,2733,2
勊,2733,2
嫫,2733,2
槲,2733,2
柍,2733,2
迁,2733,2
溳,2733,2
奯,2733,2
怤,2733,2
㴜,2733,2
攜,2733,2
垃,2733,2
圾,2733,2
矽,2733,2
伙,2733,2
椈,2733,2
鞞,2733,2
坭,2733,2
褹,2733,2
囑,2733,2
蕞,2733,2
驌,2733,2
鍄,2733,2
稅,2733,2
竌,2733,2
繙,2733,2
襌,2733,2
杌,2733,2
鴞,2733,2
丨,2733,2
嘿,2733,2
圡,2733,2
錸,2733,2
皃,2733,2
驂,2733,2
刨,2733,2
麭,2733,2
袭,2733,2
竫,2733,2
弨,2733,2
軹,2733,2
塉,2733,2
谈,2733,2
嘶,2733,2
蓦,2733,2
邹,2733,2
焗,2733,2
鋿,2733,2
凳,2733,2
蓨,2733,2
听,2733,2
濚,2733,2
搠,2733,2
柰,2733,2
熥,2733,2
鴆,2733,2
坛,2733,2
嬤,2733,2
麤,2733,2
桦,2733,2
羑,2733,2
殞,2733,2
垻,2733,2
嬁,2733,2
鮁,2733,2
帔,2733,2
琯,2733,2
寗,2733,2
销,2733,2
鏵,2733,2
㳒,2733,2
癭,2733,2
皈,2733,2
醻,2733,2
綣,2733,2
觻,2733,2
靬,2733,2
紉,2733,2
咢,2733,2
椶,2733,2
濩,2733,2
悅,2733,2
舄,2733,2
窶,2733,2
碏,2733,2
鬬,2733,2
藿,2733,2
崟,2733,2
砵,2733,2
芟,2733,2
鹅,2733,2
质,2733,2
逷,2733,2
嫮,2733,2
韵,2733,2
褂,2733,2
逯,2733,2
禀,2733,2
鄟,2733,2
尞,2733,2
摊,2733,2
痼,2733,2
㺪,2733,2
姮,2733,2
鹰,2733,2
鸢,2733,2
丶,2733,2
砅,2733,2
佾,2733,2
俁,2733,2
骆,2733,2
宫,2733,2
綟,2733,2
岭,2733,2
嘟,2733,2
佈,2733,2
噩,2733,2
昖,2733,2
棩,2733,2
痾,2733,2
鸿,2733,2
龄,2733,2
聂,2733,2
继,2733,2
训,2733,2
项,2733,2
烬,2733,2
戳,2733,2
缘,2733,2
嗢,2733,2
廝,2733,2
棐,2733,2
煆,2733,2
傔,2733,2
馱,2733,2
祔,2733,2
姈,2733,2
颜,2733,2
阅,2733,2
喵,2733,2
浞,2733,2
迚,2733,2
厅,2733,2
肿,2733,2
褓,2733,2
緹,2733,2
攔,2733,2
眘,2733,2
酇,2733,2
汮,2733,2
皞,2733,2
餳,2733,2
嫘,2733,2
畲,2733,2
諟,2733,2
崐,2733,2
萁,2733,2
秊,2733,2
埌,2733,2
嗶,2733,2
轮,2733,2
檪,2733,2
芧,2733,2
﨤,2733,2
舱,2733,2
浹,2733,2
扛,2733,2
铺,2733,2
嵒,2733,2
庲,2733,2
緲,2733,2
綖,2733,2
耻,2733,2
禌,2733,2
栶,2733,2
妟,2733,2
珱,2733,2
愫,2733,2
涍,2733,2
僩,2733,2
处,2733,2
琸,2733,2
倆,2733,2
搆,2733,2
璗,2733,2
潦,2733,2
啐,2733,2
繖,2733,2
韁,2733,2
淖,2733,2
黏,2733,2
躡,2733,2
髁,2733,2
螯,2733,2
玢,2733,2
禵,2733,2
龑,2733,2
琠,2733,2
苙,2733,2
获,2733,2
凾,2733,2
蛞,2733,2
蝓,2733,2
畄,2733,2
墹,2733,2
妞,2733,2
嶹,2733,2
鋁,2733,2
腩,2733,2
蹻,2733,2
柝,2733,2
犭,2733,2
沍,2733,2
㖼,2733,2
寋,2733,2
旆,2733,2
闃,2733,2
裹,2733,2
艜,2733,2
墮,2733,2
载,2733,2
枛,2733,2
颷,2733,2
楴,2733,2
鶖,2733,2
蟣,2733,2
𡑮,2733,2
撾,2734,1
杈,2734,1
鬷,2734,1
萑,2734,1
隄,2734,1
鄻,2734,1
𩺊,2734,1
牜,2734,1
琙,2734,1
猎,2734,1
瓿,2734,1
毆,2734,1
绵,2734,1
鏆,2734,1
曧,2734,1
暶,2734,1
㫤,2734,1
纟,2734,1
䀌,2734,1
衋,2734,1
钠,2734,1
䚡,2734,1
簔,2734,1
溍,2734,1
偡,2734,1
嚔,2734,1
蔿,2734,1
觝,2734,1
觼,2734,1
鸎,2734,1
黷,2734,1
夬,2734,1
燠,2734,1
鶙,2734,1
笂,2734,1
燏,2734,1
囗,2734,1
倮,2734,1
猞,2734,1
猁,2734,1
鼂,2734,1
岵,2734,1
畩,2734,1
餺,2734,1
飥,2734,1
豼,2734,1
貙,2734,1
皙,2734,1
繓,2734,1
襜,2734,1
亠,2734,1
䯨,2734,1
髛,2734,1
髜,2734,1
髞,2734,1
䯬,2734,1
刂,2734,1
两,2734,1
钉,2734,1
纹,2734,1
坒,2734,1
䰰,2734,1
䰱,2734,1
櫽,2734,1
惃,2734,1
漒,2734,1
㕎,2734,1
馺,2734,1
黠,2734,1
珑,2734,1
澒,2734,1
鼕,2734,1
乚,2734,1
龟,2734,1
龞,2734,1
坿,2734,1
岈,2734,1
簃,2734,1
败,2734,1
嫰,2734,1
桄,2734,1
旐,2734,1
嚕,2734,1
裱,2734,1
蟫,2734,1
昪,2734,1
琓,2734,1
泖,2734,1
搓,2734,1
鰉,2734,1
菡,2734,1
萏,2734,1
僲,2734,1
魦,2734,1
𩶗,2734,1
攵,2734,1
滹,2734,1
𣂺,2734,1
鼢,2734,1
𩸕,2734,1
鯥,2734,1
鱫,2734,1
崤,2734,1
捆,2734,1
髢,2734,1
磏,2734,1
仡,2734,1
杴,2734,1
炗,2734,1
羖,2734,1
徬,2734,1
奵,2734,1
眦,2734,1
癘,2734,1
嚠,2734,1
喨,2734,1
扌,2734,1
愀,2734,1
訕,2734,1
釽,2734,1
罦,2734,1
跿,2734,1
錻,2734,1
躃,2734,1
甾,2734,1
嬭,2734,1
殛,2734,1
兕,2734,1
喁,2734,1
鞫,2734,1
跆,2734,1
嘖,2734,1
蘅,2734,1
櫳,2734,1
紈,2734,1
徕,2734,1
峋,2734,1
摟,2734,1
这,2734,1
怹,2734,1
祂,2734,1
哋,2734,1
笟,2734,1
魬,2734,1
鱚,2734,1
鰱,2734,1
翽,2734,1
帮,2734,1
洹,2734,1
蛰,2734,1
㤚,2734,1
皹,2734,1
檾,2734,1
鲫,2734,1
庿,2734,1
晌,2734,1
磑,2734,1
戧,2734,1
刧,2734,1
槫,2734,1
蔈,2734,1
虧,2734,1
舮,2734,1
渔,2734,1
榦,2734,1
噎,2734,1
咾,2734,1
籽,2734,1
鮚,2734,1
謊,2734,1
縕,2734,1
慜,2734,1
贾,2734,1
谎,2734,1
躲,2734,1
吵,2734,1
擋,2734,1
擄,2734,1
暋,2734,1
篔,2734,1
簹,2734,1
鍘,2734,1
漖,2734,1
鏱,2734,1
塍,2734,1
麘,2734,1
厙,2734,1
侒,2734,1
憇,2734,1
圪,2734,1
詖,2734,1
扞,2734,1
夯,2734,1
鮗,2734,1
轘,2734,1
噹,2734,1
楂,2734,1
癮,2734,1
鬍,2734,1
寘,2734,1
议,2734,1
珡,2734,1
嫚,2734,1
錡,2734,1
梥,2734,1
槹,2734,1
颺,2734,1
倕,2734,1
苽,2734,1
蛔,2734,1
眕,2734,1
䑓,2734,1
韛,2734,1
蔔,2734,1
鱮,2734,1
鳍,2734,1
硐,2734,1
敾,2734,1
镖,2734,1
嵛,2734,1
闆,2734,1
幪,2734,1
筛,2734,1
呃,2734,1
郚,2734,1
堌,2734,1
郻,2734,1
旄,2734,1
牃,2734,1
圐,2734,1
圙,2734,1
葰,2734,1
塬,2734,1
愎,2734,1
峁,2734,1
墕,2734,1
埨,2734,1
悊,2734,1
欷,2734,1
甽,2734,1
漈,2734,1
垟,2734,1
畈,2734,1
梘,2734,1
箬,2734,1
楝,2734,1
禳,2734,1
蜅,2734,1
礱,2734,1
癈,2734,1
桼,2734,1
諐,2734,1
磌,2734,1
岜,2734,1
扨,2734,1
蛬,2734,1
偖,2734,1
蓐,2734,1
輭,2734,1
忢,2734,1
蜡,2734,1
灨,2734,1
丒,2734,1
啲,2734,1
嘢,2734,1
煠,2734,1
垳,2734,1
靍,2734,1
扃,2734,1
禋,2734,1
鋅,2734,1
唫,2734,1
牕,2734,1
勹,2734,1
玠,2734,1
峐,2734,1
诒,2734,1
泔,2734,1
鋩,2734,1
㢸,2734,1
稣,2734,1
洫,2734,1
倜,2734,1
脖,2734,1
卄,2734,1
漚,2734,1
稒,2734,1
麐,2734,1
压,2734,1
戾,2734,1
篚,2734,1
篏,2734,1
豦,2734,1
逊,2734,1
蹬,2734,1
踹,2734,1
亿,2734,1
簓,2734,1
秇,2734,1
囪,2734,1
澴,2734,1
緫,2734,1
揔,2734,1
晓,2734,1
邆,2734,1
賧,2734,1
墈,2734,1
宧,2734,1
昃,2734,1
覐,2734,1
讔,2734,1
责,2734,1
䴉,2734,1
卐,2734,1
录,2734,1
鯆,2734,1
矠,2734,1
贒,2734,1
溂,2734,1
傖,2734,1
塏,2734,1
擥,2734,1
满,2734,1
逧,2734,1
胰,2734,1
虗,2734,1
郪,2734,1
嬾,2734,1
痀,2734,1
癜,2734,1
濆,2734,1
涑,2734,1
鄳,2734,1
鄄,2734,1
鄗,2734,1
獮,2734,1
穧,2734,1
誽,2734,1
臞,2734,1
狻,2734,1
駃,2734,1
騠,2734,1
蠼,2734,1
騤,2734,1
鏓,2734,1
忭,2734,1
鱓,2734,1
灾,2734,1
帅,2734,1
啟,2734,1
锷,2734,1
赋,2734,1
茁,2734,1
嶙,2734,1
厪,2734,1
袮,2734,1
酅,2734,1
訒,2734,1
顫,2734,1
鬙,2734,1
颖,2734,1
麸,2734,1
螱,2734,1
螄,2734,1
繽,2734,1
萵,2734,1
撦,2734,1
镐,2734,1
郾,2734,1
錥,2734,1
駭,2734,1
盬,2734,1
怱,2734,1
氊,2734,1
阶,2734,1
贴,2734,1
惩,2734,1
茇,2734,1
礻,2734,1
楹,2734,1
僐,2734,1
迓,2734,1
嘻,2734,1
槟,2734,1
嵎,2734,1
錵,2734,1
仦,2734,1
芺,2734,1
堿,2734,1
棼,2734,1
眴,2734,1
犨,2734,1
殍,2734,1
珦,2734,1
岶,2734,1
鳃,2734,1
鳗,2734,1
棓,2734,1
芊,2734,1
輇,2734,1
覊,2734,1
庥,2734,1
鈇,2734,1
绫,2734,1
烐,2734,1
灴,2734,1
炌,2734,1
侨,2734,1
侧,2734,1
阐,2734,1
释,2734,1
积,2734,1
蚂,2734,1
蚁,2734,1
垩,2734,1
闪,2734,1
坍,2734,1
缩,2734,1
纤,2734,1
雳,2734,1
颂,2734,1
贪,2734,1
类,2734,1
诅,2734,1
贲,2734,1
课,2734,1
怛,2734,1
抻,2734,1
睜,2734,1
巔,2734,1
麰,2734,1
飭,2734,1
麃,2734,1
塌,2734,1
媓,2734,1
萮,2734,1
嬋,2734,1
婘,2734,1
棶,2734,1
槺,2734,1
柀,2734,1
邻,2734,1
冂,2734,1
𣘸,2734,1
㷩,2734,1
逑,2734,1
橞,2734,1
芇,2734,1
穈,2734,1
愬,2734,1
蟶,2734,1
衔,2734,1
瑌,2734,1
矼,2734,1
琤,2734,1
蘧,2734,1
牖,2734,1
侁,2734,1
隯,2734,1
膸,2734,1
湗,2734,1
梲,2734,1
劬,2734,1
駔,2734,1
栏,2734,1
鞖,2734,1
坙,2734,1
崀,2734,1
胼,2734,1
櫬,2734,1
轜,2734,1
暒,2734,1
䋆,2734,1
擣,2734,1
駉,2734,1
鵔,2734,1
刵,2734,1
聝,2734,1
犧,2734,1
卻,2734,1
闽,2734,1
蟳,2734,1
蠘,2734,1
汆,2734,1
熗,2734,1
煨,2734,1
临,2734,1
駵,2734,1
鰮,2734,1
啥,2734,1
针,2734,1
焠,2734,1
儕,2734,1
銳,2734,1
乫,2734,1
醞,2734,1
詿,2734,1
较,2734,1
订,2734,1
岹,2734,1
袤,2734,1
餼,2734,1
諢,2734,1
嘸,2734,1
廾,2734,1
拊,2734,1
丂,2734,1
咦,2734,1
觶,2734,1
椵,2734,1
臛,2734,1
餚,2734,1
賻,2734,1
荇,2734,1
蚦,2734,1
㹦,2734,1
譃,2734,1
猧,2734,1
楃,2734,1
楗,2734,1
梴,2734,1
楒,2734,1
夤,2734,1
鞗,2734,1
恁,2734,1
廘,2734,1
苿,2734,1
砳,2734,1
暂,2734,1
鸭,2734,1
冱,2734,1
挵,2734,1
痧,2734,1
彀,2734,1
堞,2734,1
刓,2734,1
递,2734,1
唷,2734,1
矇,2734,1
桕,2734,1
挛,2734,1
桛,2734,1
兑,2734,1
换,2734,1
蝪,2734,1
錏,2734,1
嗃,2734,1
耭,2734,1
孮,2734,1
铸,2734,1
硨,2734,1
磲,2734,1
貭,2734,1
甩,2734,1
摳,2734,1
扑,2734,1
则,2734,1
塽,2734,1
甝,2734,1
妧,2734,1
𨂊,2734,1
晫,2734,1
㕥,2734,1
釖,2734,1
巶,2734,1
鞁,2734,1
偎,2734,1
楣,2734,1
捫,2734,1
荥,2734,1
泾,2734,1
錩,2734,1
僴,2734,1
蕫,2734,1
韙,2734,1
礐,2734,1
﨏,2734,1
鋓,2734,1
惏,2734,1
狍,2734,1
笳,2734,1
敔,2734,1
噢,2734,1
莓,2734,1
湏,2734,1
䂮,2734,1
苯,2734,1
犹,2734,1
芁,2734,1
詑,2734,1
轩,2734,1
餽,2734,1
豣,2734,1
殮,2734,1
㴞,2734,1
粺,2734,1
姺,2734,1
珫,2734,1
恚,2734,1
茝,2734,1
魲,2734,1
鈩,2734,1
峼,2734,1
昑,2734,1
屮,2734,1
鱲,2734,1
嘮,2734,1
鹤,2734,1
踠,2734,1
乣,2734,1
䉼,2734,1
哘,2734,1
礵,2734,1
冾,2734,1
竅,2734,1
榨,2734,1
壂,2734,1
齶,2734,1
菷,2734,1
侲,2734,1
堦,2734,1
吡,2734,1
扬,2734,1
侣,2734,1
頔,2734,1
俒,2734,1
溉,2734,1
倸,2734,1
啀,2734,1
圯,2734,1
掀,2734,1
盖,2734,1
鱼,2734,1
颰,2734,1
㝹,2734,1
挝,2734,1
韰,2734,1
眛,2734,1
䳉,2734,1
势,2734,1
遞,2734,1
烜,2734,1
炆,2734,1
瑬,2734,1
褁,2734,1
侹,2734,1
躺,2734,1
纔,2734,1
晬,2734,1
勔,2734,1
瑊,2734,1
愭,2734,1
旉,2734,1
廙,2734,1
鍠,2734,1
釶,2734,1
椆,2734,1
隝,2734,1
钱,2734,1
蕣,2734,1
骼,2734,1
择,2734,1
吗,2734,1
赏,2734,1
诸,2734,1
蕖,2734,1
蔟,2734,1
胶,2734,1
鬦,2734,1
臠,2734,1
飂,2734,1
谱,2734,1
堖,2734,1
潡,2734,1
祩,2734,1
僙,2734,1
畬,2734,1
㮾,2734,1
瑇,2734,1
韌,2734,1
唿,2734,1
歉,2734,1
矴,2734,1
嬷,2734,1
淂,2734,1
驱,2734,1
髫,2734,1
愒,2734,1
垡,2734,1
謚,2734,1
睢,2734,1
翥,2734,1
挧,2734,1
羃,2734,1
湲,2734,1
娀,2734,1
沬,2734,1
縠,2734,1
侬,2734,1
緗,2734,1
茆,2734,1
嵂,2734,1
崒,2734,1
铭,2734,1
蘸,2734,1
坫,2734,1
枣,2734,1
玵,2734,1
㪉,2734,1
㷆,2734,1
蕘,2734,1
畓,2734,1
鵐,2734,1
猇,2734,1
騊,2734,1
轴,2734,1
锋,2734,1
饰,2734,1
醮,2734,1
蚀,2734,1
慴,2734,1
萤,2734,1
褜,2734,1
輙,2734,1
弃,2734,1
嫥,2734,1
剮,2734,1
岼,2734,1
歧,2734,1
愜,2734,1
彆,2734,1
尙,2734,1
媵,2734,1
姗,2734,1
沄,2734,1
葳,2734,1
练,2734,1
绳,2734,1
弹,2734,1
帐,2734,1
翬,2734,1
㤗,2734,1
稌,2734,1
儆,2734,1
犲,2734,1
镛,2734,1
库,2734,1
执,2734,1
驳,2734,1
烔,2734,1
驼,2734,1
蝌,2734,1
蚪,2734,1
峇,2734,1
櫧,2734,1
舙,2734,1
栬,2734,1
测,2734,1
妇,2734,1
釩,2734,1
锺,2734,1
怺,2734,1
斋,2734,1
蜿,2734,1
輖,2734,1
缪,2734,1
翘,2734,1
桢,2734,1
聪,2734,1
谦,2734,1
稳,2734,1
卢,2734,1
蕴,2734,1
荪,2734,1
栋,2734,1
焕,2734,1
鉴,2734,1
贻,2734,1
谅,2734,1
莲,2734,1
赖,2734,1
坚,2734,1
掭,2734,1
琏,2734,1
軔,2734,1
谛,2734,1
粭,2734,1
鰣,2734,1
嵿,2734,1
昜,2734,1
蒥,2734,1
瓈,2734,1
鰵,2734,1
稢,2734,1
叓,2734,1
柤,2734,1
瑲,2734,1
芚,2734,1
鄃,2734,1
敝,2734,1
媾,2734,1
鲃,2734,1
棰,2734,1
靁,2734,1
袵,2734,1
庀,2734,1
梆,2734,1
菆,2734,1
僰,2734,1
妠,2734,1
莔,2734,1
贵,2734,1
諠,2734,1
浡,2734,1
埞,2734,1
悺,2734,1
邰,2734,1
塸,2734,1
䲲,2734,1
氵,2734,1
璮,2734,1
啃,2734,1
烋,2734,1
鄣,2734,1
閎,2734,1
续,2734,1
菻,2734,1
窫,2734,1
窳,2734,1
尨,2734,1
鏻,2734,1
苐,2734,1
㶱,2734,1
鱄,2734,1
湩,2734,1
銍,2734,1
緤,2734,1
颗,2734,1
垙,2734,1
襁,2734,1
鰈,2734,1
䆃,2734,1
啊,2734,1
䳔,2734,1
肫,2734,1
皀,2734,1
陏,2734,1
遑,2734,1
㖙,2734,1
啡,2734,1
瞫,2734,1
娗,2734,1
唧,2734,1
鍝,2734,1
棯,2734,1
眚,2734,1
妆,2734,1
兠,2734,1
醧,2734,1
涔,2734,1
鐥,2734,1
爼,2734,1
澉,2734,1
楲,2734,1
鄅,2734,1
婼,2734,1
鴡,2734,1
纺,2734,1
嫠,2734,1
訞,2734,1
妭,2734,1
蓲,2734,1
紜,2734,1
烊,2734,1
珝,2734,1
怦,2734,1
媳,2734,1
狔,2734,1
憭,2734,1
隖,2734,1
孀,2734,1
冇,2734,1
簁,2734,1
桯,2734,1
暸,2734,1
蕽,2734,1
归,2734,1
燬,2734,1
诵,2734,1
鉷,2734,1
訄,2734,1
䍧,2734,1
螞,2734,1
痎,2734,1
灭,2734,1
漴,2734,1
濉,2734,1
溮,2734,1
淠,2734,1
旣,2734,1
泚,2734,1
扠,2734,1
遴,2734,1
虯,2734,1
顴,2734,1
厉,2734,1
极,2734,1
鐄,2734,1
陦,2734,1
赐,2734,1
鏟,2734,1
蜮,2734,1
訯,2734,1
曒,2734,1
糴,2734,1
麈,2734,1
戉,2734,1
敌,2734,1
鎂,2734,1
骗,2734,1
㵲,2734,1
塤,2734,1
綎,2734,1
砬,2734,1
垚,2734,1
逋,2734,1
卖,2734,1
错,2734,1
误,2734,1
眇,2734,1
愆,2734,1
邿,2734,1
鎛,2734,1
醼,2734,1
葚,2734,1
寀,2734,1
囤,2734,1
喑,2734,1
淥,2734,1
澐,2734,1
顺,2734,1
錟,2734,1
誴,2734,1
杔,2734,1
竧,2734,1
伹,2734,1
宬,2734,1
丟,2734,1
晊,2734,1
賟,2734,1
暊,2734,1
熞,2734,1
翮,2734,1
撇,2734,1
珋,2734,1
埂,2734,1
婥,2734,1
濺,2734,1
氫,2734,1
阱,2734,1
扆,2734,1
倘,2734,1
倂,2734,1
羾,2734,1
臬,2734,1
瘵,2734,1
橛,2734,1
棨,2734,1
鉧,2734,1
檞,2734,1
嶲,2734,1
证,2734,1
词,2734,1
屐,2734,1
苍,2734,1
鍭,2734,1
繐,2734,1
牎,2734,1
皁,2734,1
斿,2734,1
睍,2734,1
紪,2734,1
鐤,2734,1
銼,2734,1
艹,2734,1
𠆢,2734,1
䱷,2734,1
緡,2734,1
阬,2734,1
膈,2734,1
獫,2734,1
狁,2734,1
瀅,2734,1
瀲,2734,1
葮,2734,1
聢,2734,1
綪,2734,1
辧,2734,1
漵,2734,1
媁,2734,1
葑,2734,1
殄,2734,1
牯,2734,1
釥,2734,1
湉,2734,1
揾,2734,1
蔞,2734,1
呴,2734,1
堙,2734,1
奰,2734,1
剏,2734,1
贡,2734,1
仓,2734,1
紧,2734,1
囏,2734,1
頍,2734,1
鼷,2734,1
䄉,2734,1
祄,2734,1
祹,2734,1
禝,2734,1
䄔,2734,1
禶,2734,1
禐,2734,1
鑊,2734,1
悕,2734,1
鴲,2734,1
灄,2734,1
睆,2734,1
渼,2734,1
渞,2734,1
猨,2734,1
蹌,2734,1
棪,2734,1
喣,2734,1
顙,2734,1
䱩,2734,1
鱨,2734,1
举,2734,1
僱,2734,1
湶,2734,1
熜,2734,1
壡,2734,1
坖,2734,1
㙺,2734,1
媜,2734,1
嬫,2734,1
嫃,2734,1
硴,2734,1
骑,2734,1
斄,2734,1
蘓,2734,1
俉,2734,1
泂,2734,1
灓,2734,1
畇,2734,1
剷,2734,1
籘,2734,1
甂,2734,1
鷴,2734,1
姤,2734,1
樁,2734,1
緂,2734,1
艻,2734,1
恔,2734,1
笆,2734,1
賕,2734,1
癧,2734,1
稵,2734,1
翃,2734,1
𧊒,2734,1
煐,2734,1
勷,2734,1
鏝,2734,1
蕑,2734,1
糵,2734,1
咯,2734,1
籑,2734,1
璂,2734,1
曈,2734,1
鄮,2734,1
瑨,2734,1
墁,2734,1
豉,2734,1
㑹,2734,1
橲,2734,1
鄾,2734,1
饐,2734,1
垕,2734,1
祧,2734,1
淍,2734,1
鈖,2734,1
穟,2734,1
璸,2734,1
騄,2734,1
𡌛,2734,1
婞,2734,1
魕,2734,1
鬃,2734,1
鱉,2734,1
炤,2734,1
暅,2734,1
黥,2734,1
忤,2734,1
螠,2734,1
辽,2734,1
铝,2734,1
膻,2734,1
𣎳,2734,1
朩,2734,1
𣡽,2734,1
㮎,2734,1
橊,2734,1
雧,2734,1
䯂,2734,1
煚,2734,1
㫕,2734,1
萝,2734,1
藶,2734,1
磈,2734,1
悒,2734,1
娎,2734,1
鏁,2734,1
铿,2734,1
锵,2734,1
頲,2734,1
嬸,2734,1
狠,2734,1
贏,2734,1
踩,2734,1
炷,2734,1
仵,2734,1
鋡,2734,1
谋,2734,1
隐,2734,1
餵,2734,1
鍙,2734,1
歺,2734,1
髃,2734,1
髎,2734,1
焞,2734,1
歛,2734,1
鯑,2734,1
霅,2734,1
鏧,2734,1
饃,2734,1
𣝣,2734,1
屺,2734,1
偆,2734,1
难,2734,1
閶,2734,1
槑,2734,1
茈,2734,1
珩,2734,1
炕,2734,1
銿,2734,1
鑞,2734,1
螟,2734,1
綮,2734,1
竽,2734,1
爍,2734,1
悃,2734,1
爹,2734,1
慤,2734,1
飪,2734,1
縑,2734,1
纱,2734,1
誐,2734,1
餝,2734,1
琱,2734,1
搨,2734,1
檝,2734,1
